Date,Rate,High (est),Low (est)
2006-05-24,0.02416,0.0,0.0
2006-05-25,0.02416,0.0,0.0
2006-05-26,0.02416,0.0,0.0
2006-05-29,0.02416,0.0,0.0
2006-05-30,0.02416,0.0,0.0
2006-05-31,0.02416,0.0,0.0
2006-06-01,0.02416,0.0,0.0
2006-06-02,0.02416,0.0,0.0
2006-06-05,0.02416,0.0,0.0
2006-06-06,0.02416,0.0,0.0
2006-06-07,0.02416,0.0,0.0
2006-06-08,0.02416,0.0,0.0
2006-06-09,0.02416,0.0,0.0
2006-06-12,0.02416,0.0,0.0
2006-06-13,0.02416,0.0,0.0
2006-06-14,0.02416,0.0,0.0
2006-06-15,0.02416,0.0,0.0
2006-06-16,0.02416,0.0,0.0
2006-06-19,0.02416,0.0,0.0
2006-06-20,0.02416,0.0,0.0
2006-06-21,0.02416,0.0,0.0
2006-06-22,0.02416,0.0,0.0
2006-06-23,0.02416,0.0,0.0
2006-06-26,0.02416,0.0,0.0
2006-06-27,0.02416,0.0,0.0
2006-06-28,0.02416,0.0,0.0
2006-06-29,0.02416,0.0,0.0
2006-06-30,0.02416,0.0,0.0
2006-07-03,0.02416,0.0,0.0
2006-07-04,0.02416,0.0,0.0
2006-07-05,0.02416,0.0,0.0
2006-07-06,0.02416,0.0,0.0
2006-07-07,0.02416,0.0,0.0
2006-07-10,0.02416,0.0,0.0
2006-07-11,0.02416,0.0,0.0
2006-07-12,0.02416,0.0,0.0
2006-07-13,0.02416,0.0,0.0
2006-07-14,0.02416,0.0,0.0
2006-07-17,0.02416,0.0,0.0
2006-07-18,0.02416,0.0,0.0
2006-07-19,0.02416,0.0,0.0
2006-07-20,0.02416,0.0,0.0
2006-07-21,0.02416,0.0,0.0
2006-07-24,0.02416,0.0,0.0
2006-07-25,0.02416,0.0,0.0
2006-07-26,0.02416,0.0,0.0
2006-07-27,0.02416,0.0,0.0
2006-07-28,0.02416,0.0,0.0
2006-07-31,0.02416,0.0,0.0
2006-08-01,0.02416,0.0,0.0
2006-08-02,0.02416,0.0,0.0
2006-08-03,0.02416,0.0,0.0
2006-08-04,0.02416,0.0,0.0
2006-08-07,0.02416,0.0,0.0
2006-08-08,0.02416,0.0,0.0
2006-08-09,0.02416,0.0,0.0
2006-08-10,0.02416,0.0,0.0
2006-08-11,0.02416,0.0,0.0
2006-08-14,0.02416,0.0,0.0
2006-08-15,0.02416,0.0,0.0
2006-08-16,0.02416,0.0,0.0
2006-08-17,0.02416,0.0,0.0
2006-08-18,0.02416,0.0,0.0
2006-08-21,0.02416,0.0,0.0
2006-08-22,0.02416,0.0,0.0
2006-08-23,0.02416,0.0,0.0
2006-08-24,0.02416,0.0,0.0
2006-08-25,0.02416,0.0,0.0
2006-08-28,0.02416,0.0,0.0
2006-08-29,0.02416,0.0,0.0
2006-08-30,0.02416,0.0,0.0
2006-08-31,0.02416,0.0,0.0
2006-09-01,0.02416,0.0,0.0
2006-09-04,0.02416,0.0,0.0
2006-09-05,0.02416,0.0,0.0
2006-09-06,0.02416,0.0,0.0
2006-09-07,0.02416,0.0,0.0
2006-09-08,0.02416,0.0,0.0
2006-09-11,0.02416,0.0,0.0
2006-09-12,0.02416,0.0,0.0
2006-09-13,0.02416,0.0,0.0
2006-09-14,0.02416,0.0,0.0
2006-09-15,0.02416,0.0,0.0
2006-09-18,0.02416,0.0,0.0
2006-09-19,0.02416,0.0,0.0
2006-09-20,0.02416,0.0,0.0
2006-09-21,0.02416,0.0,0.0
2006-09-22,0.02416,0.0,0.0
2006-09-25,0.02416,0.0,0.0
2006-09-26,0.02416,0.0,0.0
2006-09-27,0.02416,0.0,0.0
2006-09-28,0.02416,0.0,0.0
2006-09-29,0.02416,0.0,0.0
2006-10-02,0.02416,0.0,0.0
2006-10-03,0.02416,0.0,0.0
2006-10-04,0.02416,0.0,0.0
2006-10-05,0.02416,0.0,0.0
2006-10-06,0.02416,0.0,0.0
2006-10-09,0.02416,0.0,0.0
2006-10-10,0.02416,0.0,0.0
2006-10-11,0.02416,0.0,0.0
2006-10-12,0.02416,0.0,0.0
2006-10-13,0.02416,0.0,0.0
2006-10-16,0.02416,0.0,0.0
2006-10-17,0.02416,0.0,0.0
2006-10-18,0.02416,0.0,0.0
2006-10-19,0.02416,0.0,0.0
2006-10-20,0.02416,0.0,0.0
2006-10-23,0.02416,0.0,0.0
2006-10-24,0.02416,0.0,0.0
2006-10-25,0.02416,0.0,0.0
2006-10-26,0.02416,0.0,0.0
2006-10-27,0.02416,0.0,0.0
2006-10-30,0.02416,0.0,0.0
2006-10-31,0.02416,0.0,0.0
2006-11-01,0.02416,0.0,0.0
2006-11-02,0.02416,0.0,0.0
2006-11-03,0.02416,0.0,0.0
2006-11-06,0.02416,0.0,0.0
2006-11-07,0.02416,0.0,0.0
2006-11-08,0.02416,0.0,0.0
2006-11-09,0.02416,0.0,0.0
2006-11-10,0.02416,0.0,0.0
2006-11-13,0.02416,0.0,0.0
2006-11-14,0.02416,0.0,0.0
2006-11-15,0.02416,0.0,0.0
2006-11-16,0.02416,0.0,0.0
2006-11-17,0.02416,0.0,0.0
2006-11-20,0.02416,0.0,0.0
2006-11-21,0.02416,0.0,0.0
2006-11-22,0.02416,0.0,0.0
2006-11-23,0.02416,0.0,0.0
2006-11-24,0.02416,0.0,0.0
2006-11-27,0.02416,0.0,0.0
2006-11-28,0.02416,0.0,0.0
2006-11-29,0.02416,0.0,0.0
2006-11-30,0.02416,0.0,0.0
2006-12-01,0.02416,0.0,0.0
2006-12-04,0.02416,0.0,0.0
2006-12-05,0.02416,0.0,0.0
2006-12-06,0.02416,0.0,0.0
2006-12-07,0.02416,0.0,0.0
2006-12-08,0.02416,0.0,0.0
2006-12-11,0.02416,0.0,0.0
2006-12-12,0.02416,0.0,0.0
2006-12-13,0.02416,0.0,0.0
2006-12-14,0.02416,0.0,0.0
2006-12-15,0.02416,0.0,0.0
2006-12-18,0.02416,0.0,0.0
2006-12-19,0.02416,0.0,0.0
2006-12-20,0.02416,0.0,0.0
2006-12-21,0.02416,0.0,0.0
2006-12-22,0.02416,0.0,0.0
2006-12-25,0.02416,0.0,0.0
2006-12-26,0.02416,0.0,0.0
2006-12-27,0.02416,0.0,0.0
2006-12-28,0.02416,0.0,0.0
2006-12-29,0.02416,0.0,0.0
2007-01-01,0.02416,0.0,0.0
2007-01-02,0.02416,0.0,0.0
2007-01-03,0.02416,0.0,0.0
2007-01-04,0.02416,0.0,0.0
2007-01-05,0.02416,0.0,0.0
2007-01-08,0.02416,0.0,0.0
2007-01-09,0.02416,0.0,0.0
2007-01-10,0.02416,0.0,0.0
2007-01-11,0.02416,0.0,0.0
2007-01-12,0.02416,0.0,0.0
2007-01-15,0.02416,0.0,0.0
2007-01-16,0.02416,0.0,0.0
2007-01-17,0.02416,0.0,0.0
2007-01-18,0.02416,0.0,0.0
2007-01-19,0.02416,0.0,0.0
2007-01-22,0.02416,0.0,0.0
2007-01-23,0.02416,0.0,0.0
2007-01-24,0.02416,0.0,0.0
2007-01-25,0.02416,0.0,0.0
2007-01-26,0.02416,0.0,0.0
2007-01-29,0.02416,0.0,0.0
2007-01-30,0.02416,0.0,0.0
2007-01-31,0.02416,0.0,0.0
2007-02-01,0.02416,0.0,0.0
2007-02-02,0.02416,0.0,0.0
2007-02-05,0.02416,0.0,0.0
2007-02-06,0.02416,0.0,0.0
2007-02-07,0.02416,0.0,0.0
2007-02-08,0.02416,0.0,0.0
2007-02-09,0.02416,0.0,0.0
2007-02-12,0.02416,0.0,0.0
2007-02-13,0.02416,0.0,0.0
2007-02-14,0.02416,0.0,0.0
2007-02-15,0.02416,0.0,0.0
2007-02-16,0.02416,0.0,0.0
2007-02-19,0.02416,0.0,0.0
2007-02-20,0.02416,0.0,0.0
2007-02-21,0.02416,0.0,0.0
2007-02-22,0.02416,0.0,0.0
2007-02-23,0.02416,0.0,0.0
2007-02-26,0.02416,0.0,0.0
2007-02-27,0.02416,0.0,0.0
2007-02-28,0.02416,0.0,0.0
2007-03-01,0.02416,0.0,0.0
2007-03-02,0.02416,0.0,0.0
2007-03-05,0.02416,0.0,0.0
2007-03-06,0.02416,0.0,0.0
2007-03-07,0.02416,0.0,0.0
2007-03-08,0.02416,0.0,0.0
2007-03-09,0.02416,0.0,0.0
2007-03-12,0.02416,0.0,0.0
2007-03-13,0.02416,0.0,0.0
2007-03-14,0.02416,0.0,0.0
2007-03-15,0.02416,0.0,0.0
2007-03-16,0.02416,0.0,0.0
2007-03-19,0.02416,0.0,0.0
2007-03-20,0.02416,0.0,0.0
2007-03-21,0.02416,0.0,0.0
2007-03-22,0.02416,0.0,0.0
2007-03-23,0.02416,0.0,0.0
2007-03-26,0.02416,0.0,0.0
2007-03-27,0.02416,0.0,0.0
2007-03-28,0.02416,0.0,0.0
2007-03-29,0.02416,0.0,0.0
2007-03-30,0.02416,0.0,0.0
2007-04-02,0.02416,0.0,0.0
2007-04-03,0.02416,0.0,0.0
2007-04-04,0.02416,0.0,0.0
2007-04-05,0.02416,0.0,0.0
2007-04-06,0.02416,0.0,0.0
2007-04-09,0.02416,0.0,0.0
2007-04-10,0.02416,0.0,0.0
2007-04-11,0.02416,0.0,0.0
2007-04-12,0.02416,0.0,0.0
2007-04-13,0.02416,0.0,0.0
2007-04-16,0.02416,0.0,0.0
2007-04-17,0.02416,0.0,0.0
2007-04-18,0.02416,0.0,0.0
2007-04-19,0.02416,0.0,0.0
2007-04-20,0.02416,0.0,0.0
2007-04-23,0.02416,0.0,0.0
2007-04-24,0.02416,0.0,0.0
2007-04-25,0.02416,0.0,0.0
2007-04-26,0.02416,0.0,0.0
2007-04-27,0.02416,0.0,0.0
2007-04-30,0.02416,0.0,0.0
2007-05-01,0.02416,0.0,0.0
2007-05-02,0.02416,0.0,0.0
2007-05-03,0.02416,0.0,0.0
2007-05-04,0.02416,0.0,0.0
2007-05-07,0.02416,0.0,0.0
2007-05-08,0.02416,0.0,0.0
2007-05-09,0.02416,0.0,0.0
2007-05-10,0.02416,0.0,0.0
2007-05-11,0.02416,0.0,0.0
2007-05-14,0.02416,0.0,0.0
2007-05-15,0.02416,0.0,0.0
2007-05-16,0.02416,0.0,0.0
2007-05-17,0.02416,0.0,0.0
2007-05-18,0.02416,0.0,0.0
2007-05-21,0.02416,0.0,0.0
2007-05-22,0.02416,0.0,0.0
2007-05-23,0.02416,0.0,0.0
2007-05-24,0.02416,0.0,0.0
2007-05-25,0.02416,0.0,0.0
2007-05-28,0.02416,0.0,0.0
2007-05-29,0.02416,0.0,0.0
2007-05-30,0.02416,0.0,0.0
2007-05-31,0.02416,0.0,0.0
2007-06-01,0.02416,0.0,0.0
2007-06-04,0.02416,0.0,0.0
2007-06-05,0.02416,0.0,0.0
2007-06-06,0.02416,0.0,0.0
2007-06-07,0.02416,0.0,0.0
2007-06-08,0.02416,0.0,0.0
2007-06-11,0.02416,0.0,0.0
2007-06-12,0.02416,0.0,0.0
2007-06-13,0.02416,0.0,0.0
2007-06-14,0.02416,0.0,0.0
2007-06-15,0.02416,0.0,0.0
2007-06-18,0.02416,0.0,0.0
2007-06-19,0.02416,0.0,0.0
2007-06-20,0.02416,0.0,0.0
2007-06-21,0.02416,0.0,0.0
2007-06-22,0.02416,0.0,0.0
2007-06-25,0.02416,0.0,0.0
2007-06-26,0.02416,0.0,0.0
2007-06-27,0.02416,0.0,0.0
2007-06-28,0.02416,0.0,0.0
2007-06-29,0.02416,0.0,0.0
2007-07-02,0.02416,0.0,0.0
2007-07-03,0.02416,0.0,0.0
2007-07-04,0.02416,0.0,0.0
2007-07-05,0.02416,0.0,0.0
2007-07-06,0.02416,0.0,0.0
2007-07-09,0.02416,0.0,0.0
2007-07-10,0.02416,0.0,0.0
2007-07-11,0.02416,0.0,0.0
2007-07-12,0.02416,0.0,0.0
2007-07-13,0.02416,0.0,0.0
2007-07-16,0.02416,0.0,0.0
2007-07-17,0.02416,0.0,0.0
2007-07-18,0.02416,0.0,0.0
2007-07-19,0.02416,0.0,0.0
2007-07-20,0.02416,0.0,0.0
2007-07-23,0.02416,0.0,0.0
2007-07-24,0.02416,0.0,0.0
2007-07-25,0.02416,0.0,0.0
2007-07-26,0.02416,0.0,0.0
2007-07-27,0.02416,0.0,0.0
2007-07-30,0.02416,0.0,0.0
2007-07-31,0.02416,0.0,0.0
2007-08-01,0.02416,0.0,0.0
2007-08-02,0.02416,0.0,0.0
2007-08-03,0.02416,0.0,0.0
2007-08-06,0.02416,0.0,0.0
2007-08-07,0.02416,0.0,0.0
2007-08-08,0.02416,0.0,0.0
2007-08-09,0.02416,0.0,0.0
2007-08-10,0.02416,0.0,0.0
2007-08-13,0.02416,0.0,0.0
2007-08-14,0.02416,0.0,0.0
2007-08-15,0.02416,0.0,0.0
2007-08-16,0.02416,0.0,0.0
2007-08-17,0.02416,0.0,0.0
2007-08-20,0.02416,0.0,0.0
2007-08-21,0.02416,0.0,0.0
2007-08-22,0.02416,0.0,0.0
2007-08-23,0.02416,0.0,0.0
2007-08-24,0.02416,0.0,0.0
2007-08-27,0.02416,0.0,0.0
2007-08-28,0.02416,0.0,0.0
2007-08-29,0.02416,0.0,0.0
2007-08-30,0.02416,0.0,0.0
2007-08-31,0.02416,0.0,0.0
2007-09-03,0.02416,0.0,0.0
2007-09-04,0.02416,0.0,0.0
2007-09-05,0.02416,0.0,0.0
2007-09-06,0.02416,0.0,0.0
2007-09-07,0.02416,0.0,0.0
2007-09-10,0.02416,0.0,0.0
2007-09-11,0.02416,0.0,0.0
2007-09-12,0.02416,0.0,0.0
2007-09-13,0.02416,0.0,0.0
2007-09-14,0.02416,0.0,0.0
2007-09-17,0.02416,0.0,0.0
2007-09-18,0.02416,0.0,0.0
2007-09-19,0.02416,0.0,0.0
2007-09-20,0.02416,0.0,0.0
2007-09-21,0.02416,0.0,0.0
2007-09-24,0.02416,0.0,0.0
2007-09-25,0.02416,0.0,0.0
2007-09-26,0.02416,0.0,0.0
2007-09-27,0.02416,0.0,0.0
2007-09-28,0.02416,0.0,0.0
2007-10-01,0.02416,0.0,0.0
2007-10-02,0.02416,0.0,0.0
2007-10-03,0.02416,0.0,0.0
2007-10-04,0.02416,0.0,0.0
2007-10-05,0.02416,0.0,0.0
2007-10-08,0.02416,0.0,0.0
2007-10-09,0.026704400000000003,0.027027999999999996,0.026385000000000002
2007-10-10,0.026704400000000003,0.0,0.0
2007-10-11,0.0283495,0.028667,0.028036000000000002
2007-10-12,0.0283495,0.0,0.0
2007-10-15,0.0283495,0.0,0.0
2007-10-16,0.0283495,0.0,0.0
2007-10-17,0.0283495,0.0,0.0
2007-10-18,0.0283495,0.0,0.0
2007-10-19,0.0285625,0.028883999999999996,0.028245
2007-10-22,0.0285625,0.0,0.0
2007-10-23,0.0285625,0.0,0.0
2007-10-24,0.0285625,0.0,0.0
2007-10-25,0.0285625,0.0,0.0
2007-10-26,0.0285625,0.0,0.0
2007-10-29,0.0285625,0.0,0.0
2007-10-30,0.0285625,0.0,0.0
2007-10-31,0.0285625,0.0,0.0
2007-11-01,0.0285625,0.0,0.0
2007-11-02,0.0285625,0.0,0.0
2007-11-05,0.0285625,0.0,0.0
2007-11-06,0.0285625,0.0,0.0
2007-11-07,0.0285625,0.0,0.0
2007-11-08,0.0285625,0.0,0.0
2007-11-09,0.0285625,0.0,0.0
2007-11-12,0.0285625,0.0,0.0
2007-11-13,0.0285625,0.0,0.0
2007-11-14,0.0285625,0.0,0.0
2007-11-15,0.0285625,0.0,0.0
2007-11-16,0.028727,0.029064,0.028394
2007-11-19,0.028727,0.0,0.0
2007-11-20,0.028727,0.0,0.0
2007-11-21,0.028727,0.0,0.0
2007-11-22,0.028727,0.0,0.0
2007-11-23,0.028727,0.0,0.0
2007-11-26,0.028727,0.0,0.0
2007-11-27,0.028727,0.0,0.0
2007-11-28,0.028727,0.0,0.0
2007-11-29,0.028727,0.0,0.0
2007-11-30,0.028921499999999996,0.0,0.0
2007-12-03,0.028921499999999996,0.0,0.0
2007-12-04,0.028921499999999996,0.0,0.0
2007-12-05,0.028921499999999996,0.0,0.0
2007-12-06,0.028921499999999996,0.0,0.0
2007-12-07,0.028873000000000003,0.029212000000000002,0.028538
2007-12-10,0.028873000000000003,0.0,0.0
2007-12-11,0.028873000000000003,0.0,0.0
2007-12-12,0.028873000000000003,0.0,0.0
2007-12-13,0.028873000000000003,0.0,0.0
2007-12-14,0.028612900000000004,0.028932999999999997,0.028295999999999998
2007-12-17,0.028612900000000004,0.0,0.0
2007-12-18,0.028612900000000004,0.0,0.0
2007-12-19,0.028612900000000004,0.0,0.0
2007-12-20,0.028612900000000004,0.0,0.0
2007-12-21,0.0284351,0.028789999999999996,0.028085000000000002
2007-12-24,0.0284351,0.0,0.0
2007-12-25,0.0284351,0.0,0.0
2007-12-26,0.0284351,0.0,0.0
2007-12-27,0.0284351,0.0,0.0
2007-12-28,0.028279500000000003,0.0,0.0
2007-12-31,0.028279500000000003,0.0,0.0
2008-01-01,0.028279500000000003,0.0,0.0
2008-01-02,0.028279500000000003,0.0,0.0
2008-01-03,0.028279500000000003,0.0,0.0
2008-01-04,0.028279500000000003,0.0,0.0
2008-01-07,0.028279500000000003,0.0,0.0
2008-01-08,0.028279500000000003,0.0,0.0
2008-01-09,0.028279500000000003,0.0,0.0
2008-01-10,0.028279500000000003,0.0,0.0
2008-01-11,0.0280763,0.0,0.0
2008-01-14,0.0280763,0.0,0.0
2008-01-15,0.0280763,0.0,0.0
2008-01-16,0.0280763,0.0,0.0
2008-01-17,0.0280763,0.0,0.0
2008-01-18,0.0278782,0.0,0.0
2008-01-21,0.0278782,0.0,0.0
2008-01-22,0.0278782,0.0,0.0
2008-01-23,0.0278782,0.0,0.0
2008-01-24,0.0278782,0.0,0.0
2008-01-25,0.027736700000000003,0.02806,0.027417
2008-01-28,0.027736700000000003,0.0,0.0
2008-01-29,0.027736700000000003,0.0,0.0
2008-01-30,0.027736700000000003,0.0,0.0
2008-01-31,0.027736700000000003,0.0,0.0
2008-02-01,0.027736700000000003,0.0,0.0
2008-02-04,0.027736700000000003,0.0,0.0
2008-02-05,0.027736700000000003,0.0,0.0
2008-02-06,0.027736700000000003,0.0,0.0
2008-02-07,0.027736700000000003,0.0,0.0
2008-02-08,0.027637400000000003,0.02795,0.027329000000000003
2008-02-11,0.027637400000000003,0.0,0.0
2008-02-12,0.027637400000000003,0.0,0.0
2008-02-13,0.027637400000000003,0.0,0.0
2008-02-14,0.027637400000000003,0.0,0.0
2008-02-15,0.027637400000000003,0.0,0.0
2008-02-18,0.027637400000000003,0.0,0.0
2008-02-19,0.027637400000000003,0.0,0.0
2008-02-20,0.027637400000000003,0.0,0.0
2008-02-21,0.027637400000000003,0.0,0.0
2008-02-22,0.027535400000000005,0.027873000000000002,0.027201999999999997
2008-02-25,0.027535400000000005,0.0,0.0
2008-02-26,0.027535400000000005,0.0,0.0
2008-02-27,0.027535400000000005,0.0,0.0
2008-02-28,0.027535400000000005,0.0,0.0
2008-02-29,0.027535400000000005,0.0,0.0
2008-03-03,0.027535400000000005,0.0,0.0
2008-03-04,0.027535400000000005,0.0,0.0
2008-03-05,0.027535400000000005,0.0,0.0
2008-03-06,0.027535400000000005,0.0,0.0
2008-03-07,0.027535400000000005,0.0,0.0
2008-03-10,0.027535400000000005,0.0,0.0
2008-03-11,0.027535400000000005,0.0,0.0
2008-03-12,0.027535400000000005,0.0,0.0
2008-03-13,0.027535400000000005,0.0,0.0
2008-03-14,0.027439699999999997,0.0,0.0
2008-03-17,0.027439699999999997,0.0,0.0
2008-03-18,0.027439699999999997,0.0,0.0
2008-03-19,0.027439699999999997,0.0,0.0
2008-03-20,0.027439699999999997,0.0,0.0
2008-03-21,0.027439699999999997,0.0,0.0
2008-03-24,0.027439699999999997,0.0,0.0
2008-03-25,0.027439699999999997,0.0,0.0
2008-03-26,0.027439699999999997,0.0,0.0
2008-03-27,0.027439699999999997,0.0,0.0
2008-03-28,0.027464599999999995,0.027801999999999997,0.027132
2008-03-31,0.027464599999999995,0.0,0.0
2008-04-01,0.027464599999999995,0.0,0.0
2008-04-02,0.027464599999999995,0.0,0.0
2008-04-03,0.027464599999999995,0.0,0.0
2008-04-04,0.027464599999999995,0.0,0.0
2008-04-07,0.027464599999999995,0.0,0.0
2008-04-08,0.027464599999999995,0.0,0.0
2008-04-09,0.027464599999999995,0.0,0.0
2008-04-10,0.027464599999999995,0.0,0.0
2008-04-11,0.027439699999999997,0.0,0.0
2008-04-14,0.027439699999999997,0.0,0.0
2008-04-15,0.027439699999999997,0.0,0.0
2008-04-16,0.027439699999999997,0.0,0.0
2008-04-17,0.027439699999999997,0.0,0.0
2008-04-18,0.027464599999999995,0.027801999999999997,0.027132
2008-04-21,0.027464599999999995,0.0,0.0
2008-04-22,0.027464599999999995,0.0,0.0
2008-04-23,0.027464599999999995,0.0,0.0
2008-04-24,0.027464599999999995,0.0,0.0
2008-04-25,0.027439699999999997,0.0,0.0
2008-04-28,0.027439699999999997,0.0,0.0
2008-04-29,0.027439699999999997,0.0,0.0
2008-04-30,0.027439699999999997,0.0,0.0
2008-05-01,0.027439699999999997,0.0,0.0
2008-05-02,0.027439699999999997,0.0,0.0
2008-05-05,0.027439699999999997,0.0,0.0
2008-05-06,0.027439699999999997,0.0,0.0
2008-05-07,0.027439699999999997,0.0,0.0
2008-05-08,0.027439699999999997,0.0,0.0
2008-05-09,0.027439699999999997,0.0,0.0
2008-05-12,0.027439699999999997,0.0,0.0
2008-05-13,0.027439699999999997,0.0,0.0
2008-05-14,0.027439699999999997,0.0,0.0
2008-05-15,0.027439699999999997,0.0,0.0
2008-05-16,0.027464599999999995,0.027801999999999997,0.027132
2008-05-19,0.027464599999999995,0.0,0.0
2008-05-20,0.027464599999999995,0.0,0.0
2008-05-21,0.027464599999999995,0.0,0.0
2008-05-22,0.027464599999999995,0.0,0.0
2008-05-23,0.027464599999999995,0.0,0.0
2008-05-26,0.027464599999999995,0.0,0.0
2008-05-27,0.027464599999999995,0.0,0.0
2008-05-28,0.027464599999999995,0.0,0.0
2008-05-29,0.027464599999999995,0.0,0.0
2008-05-30,0.027562599999999996,0.027874,0.027255
2008-06-02,0.027562599999999996,0.0,0.0
2008-06-03,0.027562599999999996,0.0,0.0
2008-06-04,0.027562599999999996,0.0,0.0
2008-06-05,0.027562599999999996,0.0,0.0
2008-06-06,0.027562599999999996,0.0,0.0
2008-06-09,0.027562599999999996,0.0,0.0
2008-06-10,0.027562599999999996,0.0,0.0
2008-06-11,0.027562599999999996,0.0,0.0
2008-06-12,0.027562599999999996,0.0,0.0
2008-06-13,0.0276633,0.027986,0.027344
2008-06-16,0.0276633,0.0,0.0
2008-06-17,0.0276633,0.0,0.0
2008-06-18,0.0276633,0.0,0.0
2008-06-19,0.0276633,0.0,0.0
2008-06-20,0.027760900000000005,0.0,0.0
2008-06-23,0.027760900000000005,0.0,0.0
2008-06-24,0.027760900000000005,0.0,0.0
2008-06-25,0.027760900000000005,0.0,0.0
2008-06-26,0.027760900000000005,0.0,0.0
2008-06-27,0.027760900000000005,0.0,0.0
2008-06-30,0.027760900000000005,0.0,0.0
2008-07-01,0.027760900000000005,0.0,0.0
2008-07-02,0.027760900000000005,0.0,0.0
2008-07-03,0.027760900000000005,0.0,0.0
2008-07-04,0.0279926,0.028332,0.027658
2008-07-07,0.0279926,0.0,0.0
2008-07-08,0.0279926,0.0,0.0
2008-07-09,0.0279926,0.0,0.0
2008-07-10,0.0279926,0.0,0.0
2008-07-11,0.028160200000000003,0.0,0.0
2008-07-14,0.028160200000000003,0.0,0.0
2008-07-15,0.028160200000000003,0.0,0.0
2008-07-16,0.028160200000000003,0.0,0.0
2008-07-17,0.028160200000000003,0.0,0.0
2008-07-18,0.028262799999999998,0.028584,0.027944999999999998
2008-07-21,0.028262799999999998,0.0,0.0
2008-07-22,0.028262799999999998,0.0,0.0
2008-07-23,0.028262799999999998,0.0,0.0
2008-07-24,0.028262799999999998,0.0,0.0
2008-07-25,0.0284247,0.028743,0.028110000000000003
2008-07-28,0.0284247,0.0,0.0
2008-07-29,0.0284247,0.0,0.0
2008-07-30,0.0284247,0.0,0.0
2008-07-31,0.0284247,0.0,0.0
2008-08-01,0.0284247,0.0,0.0
2008-08-04,0.0284247,0.0,0.0
2008-08-05,0.0284247,0.0,0.0
2008-08-06,0.0284247,0.0,0.0
2008-08-07,0.0284247,0.0,0.0
2008-08-08,0.0285625,0.028883999999999996,0.028245
2008-08-11,0.0285625,0.0,0.0
2008-08-12,0.0285625,0.0,0.0
2008-08-13,0.0285625,0.0,0.0
2008-08-14,0.0285625,0.0,0.0
2008-08-15,0.028661900000000004,0.0,0.0
2008-08-18,0.028661900000000004,0.0,0.0
2008-08-19,0.028661900000000004,0.0,0.0
2008-08-20,0.028661900000000004,0.0,0.0
2008-08-21,0.028661900000000004,0.0,0.0
2008-08-22,0.028763499999999997,0.029101,0.02843
2008-08-25,0.028763499999999997,0.0,0.0
2008-08-26,0.028763499999999997,0.0,0.0
2008-08-27,0.028763499999999997,0.0,0.0
2008-08-28,0.028763499999999997,0.0,0.0
2008-08-29,0.0288601,0.0,0.0
2008-09-01,0.0288601,0.0,0.0
2008-09-02,0.0288601,0.0,0.0
2008-09-03,0.0288601,0.0,0.0
2008-09-04,0.0288601,0.0,0.0
2008-09-05,0.0288601,0.0,0.0
2008-09-08,0.0288601,0.0,0.0
2008-09-09,0.0288601,0.0,0.0
2008-09-10,0.0288601,0.0,0.0
2008-09-11,0.0288601,0.0,0.0
2008-09-12,0.0288601,0.0,0.0
2008-09-15,0.0288601,0.0,0.0
2008-09-16,0.0288601,0.0,0.0
2008-09-17,0.0288601,0.0,0.0
2008-09-18,0.0288601,0.0,0.0
2008-09-19,0.0283434,0.0,0.0
2008-09-22,0.0283434,0.0,0.0
2008-09-23,0.0283434,0.0,0.0
2008-09-24,0.0283434,0.0,0.0
2008-09-25,0.0283434,0.0,0.0
2008-09-26,0.0275756,0.0,0.0
2008-09-29,0.0275756,0.0,0.0
2008-09-30,0.0275756,0.0,0.0
2008-10-01,0.0275756,0.0,0.0
2008-10-02,0.0275756,0.0,0.0
2008-10-03,0.0275756,0.0,0.0
2008-10-06,0.0275756,0.0,0.0
2008-10-07,0.0275756,0.0,0.0
2008-10-08,0.0275756,0.0,0.0
2008-10-09,0.0275756,0.0,0.0
2008-10-10,0.0275756,0.0,0.0
2008-10-13,0.0269983,0.0,0.0
2008-10-14,0.0269983,0.0,0.0
2008-10-15,0.0269983,0.0,0.0
2008-10-16,0.0269983,0.0,0.0
2008-10-17,0.0265467,0.026856,0.026241000000000004
2008-10-20,0.0265467,0.0,0.0
2008-10-21,0.0265467,0.0,0.0
2008-10-22,0.0265467,0.0,0.0
2008-10-23,0.0265467,0.0,0.0
2008-10-24,0.0265467,0.0,0.0
2008-10-27,0.026276499999999998,0.0,0.0
2008-10-28,0.026276499999999998,0.0,0.0
2008-10-29,0.026276499999999998,0.0,0.0
2008-10-30,0.026276499999999998,0.0,0.0
2008-10-31,0.025944400000000003,0.026255,0.025638
2008-11-03,0.025944400000000003,0.0,0.0
2008-11-04,0.025944400000000003,0.0,0.0
2008-11-05,0.025944400000000003,0.0,0.0
2008-11-06,0.0257399,0.0,0.0
2008-11-07,0.0257399,0.0,0.0
2008-11-10,0.0257399,0.0,0.0
2008-11-11,0.0257399,0.0,0.0
2008-11-12,0.0257399,0.0,0.0
2008-11-13,0.0257399,0.0,0.0
2008-11-14,0.0257399,0.0,0.0
2008-11-17,0.0257399,0.0,0.0
2008-11-18,0.0257399,0.0,0.0
2008-11-19,0.0257399,0.0,0.0
2008-11-20,0.0257399,0.0,0.0
2008-11-21,0.0255704,0.025887,0.025258000000000003
2008-11-24,0.0255704,0.0,0.0
2008-11-25,0.0255704,0.0,0.0
2008-11-26,0.0255704,0.0,0.0
2008-11-27,0.0255704,0.0,0.0
2008-11-28,0.0255704,0.0,0.0
2008-12-01,0.0255704,0.0,0.0
2008-12-02,0.0255704,0.0,0.0
2008-12-03,0.0255704,0.0,0.0
2008-12-04,0.0255704,0.0,0.0
2008-12-05,0.0254398,0.0,0.0
2008-12-08,0.0254398,0.0,0.0
2008-12-09,0.0254398,0.0,0.0
2008-12-10,0.0254398,0.0,0.0
2008-12-11,0.0254398,0.0,0.0
2008-12-12,0.0254398,0.0,0.0
2008-12-15,0.0254398,0.0,0.0
2008-12-16,0.0254398,0.0,0.0
2008-12-17,0.0254398,0.0,0.0
2008-12-18,0.0254398,0.0,0.0
2008-12-19,0.0254398,0.0,0.0
2008-12-22,0.0254398,0.0,0.0
2008-12-23,0.0254398,0.0,0.0
2008-12-24,0.0254398,0.0,0.0
2008-12-25,0.0254398,0.0,0.0
2008-12-26,0.0254398,0.0,0.0
2008-12-29,0.0254398,0.0,0.0
2008-12-30,0.0254398,0.0,0.0
2008-12-31,0.0254398,0.0,0.0
2009-01-01,0.0254398,0.0,0.0
2009-01-02,0.0254398,0.0,0.0
2009-01-05,0.0254398,0.0,0.0
2009-01-06,0.0254398,0.0,0.0
2009-01-07,0.0254398,0.0,0.0
2009-01-08,0.0254398,0.0,0.0
2009-01-09,0.0253363,0.025637,0.025039
2009-01-12,0.0253363,0.0,0.0
2009-01-13,0.0253363,0.0,0.0
2009-01-14,0.0253363,0.0,0.0
2009-01-15,0.0253363,0.0,0.0
2009-01-16,0.0251165,0.0,0.0
2009-01-19,0.0251165,0.0,0.0
2009-01-20,0.0251165,0.0,0.0
2009-01-21,0.0251165,0.0,0.0
2009-01-22,0.0251165,0.0,0.0
2009-01-23,0.0249362,0.025233000000000002,0.024641999999999997
2009-01-26,0.0249362,0.0,0.0
2009-01-27,0.0249362,0.0,0.0
2009-01-28,0.0249362,0.0,0.0
2009-01-29,0.0249362,0.0,0.0
2009-01-30,0.024836,0.025134,0.024541999999999998
2009-02-02,0.024836,0.0,0.0
2009-02-03,0.024836,0.0,0.0
2009-02-04,0.024836,0.0,0.0
2009-02-05,0.024836,0.0,0.0
2009-02-06,0.024605000000000002,0.024912,0.024301
2009-02-09,0.024605000000000002,0.0,0.0
2009-02-10,0.024605000000000002,0.0,0.0
2009-02-11,0.024605000000000002,0.0,0.0
2009-02-12,0.024605000000000002,0.0,0.0
2009-02-13,0.0244392,0.0,0.0
2009-02-16,0.0244392,0.0,0.0
2009-02-17,0.0244392,0.0,0.0
2009-02-18,0.0244392,0.0,0.0
2009-02-19,0.0244392,0.0,0.0
2009-02-20,0.0244392,0.0,0.0
2009-02-23,0.0244392,0.0,0.0
2009-02-24,0.0244392,0.0,0.0
2009-02-25,0.0244392,0.0,0.0
2009-02-26,0.0244392,0.0,0.0
2009-02-27,0.0243382,0.0,0.0
2009-03-02,0.0243382,0.0,0.0
2009-03-03,0.0243382,0.0,0.0
2009-03-04,0.0243382,0.0,0.0
2009-03-05,0.0243382,0.0,0.0
2009-03-06,0.024119099999999997,0.0,0.0
2009-03-09,0.024119099999999997,0.0,0.0
2009-03-10,0.024119099999999997,0.0,0.0
2009-03-11,0.024119099999999997,0.0,0.0
2009-03-12,0.024119099999999997,0.0,0.0
2009-03-13,0.0238108,0.024085,0.023538999999999997
2009-03-16,0.0238108,0.0,0.0
2009-03-17,0.0238108,0.0,0.0
2009-03-18,0.0238108,0.0,0.0
2009-03-19,0.0238108,0.0,0.0
2009-03-20,0.0238108,0.0,0.0
2009-03-23,0.0235748,0.023841,0.023311000000000002
2009-03-24,0.0235748,0.0,0.0
2009-03-25,0.0235748,0.0,0.0
2009-03-26,0.0235748,0.0,0.0
2009-03-27,0.0235748,0.0,0.0
2009-03-30,0.0235748,0.0,0.0
2009-03-31,0.0235748,0.0,0.0
2009-04-01,0.0235748,0.0,0.0
2009-04-02,0.0235748,0.0,0.0
2009-04-03,0.0234368,0.023708,0.023168
2009-04-06,0.0234368,0.0,0.0
2009-04-07,0.0234368,0.0,0.0
2009-04-08,0.0234368,0.0,0.0
2009-04-09,0.0234368,0.0,0.0
2009-04-10,0.0234368,0.0,0.0
2009-04-13,0.0232108,0.023479,0.022946
2009-04-14,0.0232108,0.0,0.0
2009-04-15,0.0232108,0.0,0.0
2009-04-16,0.0232108,0.0,0.0
2009-04-17,0.0232108,0.0,0.0
2009-04-20,0.0231636,0.023437,0.022893
2009-04-21,0.0231636,0.0,0.0
2009-04-22,0.0231636,0.0,0.0
2009-04-23,0.0231636,0.0,0.0
2009-04-24,0.0231636,0.0,0.0
2009-04-27,0.0231636,0.0,0.0
2009-04-28,0.0231636,0.0,0.0
2009-04-29,0.0231636,0.0,0.0
2009-04-30,0.0231636,0.0,0.0
2009-05-01,0.0231636,0.0,0.0
2009-05-04,0.0231636,0.0,0.0
2009-05-05,0.0231636,0.0,0.0
2009-05-06,0.0231636,0.0,0.0
2009-05-07,0.0231636,0.0,0.0
2009-05-08,0.0231636,0.0,0.0
2009-05-11,0.0231636,0.0,0.0
2009-05-12,0.0231636,0.0,0.0
2009-05-13,0.0231636,0.0,0.0
2009-05-14,0.0231636,0.0,0.0
2009-05-15,0.0231636,0.0,0.0
2009-05-18,0.023136900000000002,0.023403999999999998,0.022872999999999998
2009-05-19,0.023136900000000002,0.0,0.0
2009-05-20,0.023136900000000002,0.0,0.0
2009-05-21,0.023136900000000002,0.0,0.0
2009-05-22,0.023136900000000002,0.0,0.0
2009-05-25,0.0231636,0.023437,0.022893
2009-05-26,0.0231636,0.0,0.0
2009-05-27,0.0231636,0.0,0.0
2009-05-28,0.0231636,0.0,0.0
2009-05-29,0.0231636,0.0,0.0
2009-06-01,0.023136900000000002,0.023403999999999998,0.022872999999999998
2009-06-02,0.023136900000000002,0.0,0.0
2009-06-03,0.023136900000000002,0.0,0.0
2009-06-04,0.023136900000000002,0.0,0.0
2009-06-05,0.023136900000000002,0.0,0.0
2009-06-08,0.023136900000000002,0.0,0.0
2009-06-09,0.023136900000000002,0.0,0.0
2009-06-10,0.023136900000000002,0.0,0.0
2009-06-11,0.023136900000000002,0.0,0.0
2009-06-12,0.023136900000000002,0.0,0.0
2009-06-15,0.023136900000000002,0.0,0.0
2009-06-16,0.023136900000000002,0.0,0.0
2009-06-17,0.023136900000000002,0.0,0.0
2009-06-18,0.023136900000000002,0.0,0.0
2009-06-19,0.023136900000000002,0.0,0.0
2009-06-22,0.023136900000000002,0.0,0.0
2009-06-23,0.023136900000000002,0.0,0.0
2009-06-24,0.023136900000000002,0.0,0.0
2009-06-25,0.023136900000000002,0.0,0.0
2009-06-26,0.023136900000000002,0.0,0.0
2009-06-29,0.023136900000000002,0.0,0.0
2009-06-30,0.023136900000000002,0.0,0.0
2009-07-01,0.023136900000000002,0.0,0.0
2009-07-02,0.023136900000000002,0.0,0.0
2009-07-03,0.023136900000000002,0.0,0.0
2009-07-06,0.023136900000000002,0.0,0.0
2009-07-07,0.023136900000000002,0.0,0.0
2009-07-08,0.023136900000000002,0.0,0.0
2009-07-09,0.023136900000000002,0.0,0.0
2009-07-10,0.023136900000000002,0.0,0.0
2009-07-13,0.0230388,0.0,0.0
2009-07-14,0.0230388,0.0,0.0
2009-07-15,0.0230388,0.0,0.0
2009-07-16,0.0230388,0.0,0.0
2009-07-17,0.0230388,0.0,0.0
2009-07-20,0.0230388,0.0,0.0
2009-07-21,0.0230388,0.0,0.0
2009-07-22,0.0230388,0.0,0.0
2009-07-23,0.0230388,0.0,0.0
2009-07-24,0.0230388,0.0,0.0
2009-07-27,0.0230388,0.0,0.0
2009-07-28,0.0230388,0.0,0.0
2009-07-29,0.0230388,0.0,0.0
2009-07-30,0.0230388,0.0,0.0
2009-07-31,0.0230388,0.0,0.0
2009-08-03,0.0230388,0.0,0.0
2009-08-04,0.0230388,0.0,0.0
2009-08-05,0.0230388,0.0,0.0
2009-08-06,0.0230388,0.0,0.0
2009-08-07,0.0230388,0.0,0.0
2009-08-10,0.0229371,0.023199,0.022678
2009-08-11,0.0229371,0.0,0.0
2009-08-12,0.0229371,0.0,0.0
2009-08-13,0.0229371,0.0,0.0
2009-08-14,0.0229371,0.0,0.0
2009-08-17,0.0229371,0.0,0.0
2009-08-18,0.0229371,0.0,0.0
2009-08-19,0.0229371,0.0,0.0
2009-08-20,0.0229371,0.0,0.0
2009-08-21,0.0229371,0.0,0.0
2009-08-24,0.0228367,0.023102,0.022574
2009-08-25,0.0228367,0.0,0.0
2009-08-26,0.0228367,0.0,0.0
2009-08-27,0.0228367,0.0,0.0
2009-08-28,0.0228367,0.0,0.0
2009-08-31,0.0227392,0.0,0.0
2009-09-01,0.0227392,0.0,0.0
2009-09-02,0.0227392,0.0,0.0
2009-09-03,0.0227392,0.0,0.0
2009-09-04,0.0227392,0.0,0.0
2009-09-07,0.0226391,0.0,0.0
2009-09-08,0.0226391,0.0,0.0
2009-09-09,0.0226391,0.0,0.0
2009-09-10,0.0226391,0.0,0.0
2009-09-11,0.0226391,0.0,0.0
2009-09-14,0.0226391,0.0,0.0
2009-09-15,0.0226391,0.0,0.0
2009-09-16,0.0226391,0.0,0.0
2009-09-17,0.0226391,0.0,0.0
2009-09-18,0.0226391,0.0,0.0
2009-09-21,0.0226391,0.0,0.0
2009-09-22,0.0226391,0.0,0.0
2009-09-23,0.0226391,0.0,0.0
2009-09-24,0.0226391,0.0,0.0
2009-09-25,0.0226391,0.0,0.0
2009-09-28,0.0226391,0.0,0.0
2009-09-29,0.0226391,0.0,0.0
2009-09-30,0.0226391,0.0,0.0
2009-10-01,0.0226391,0.0,0.0
2009-10-02,0.0226391,0.0,0.0
2009-10-05,0.0226391,0.0,0.0
2009-10-06,0.0226391,0.0,0.0
2009-10-07,0.0226391,0.0,0.0
2009-10-08,0.0226391,0.0,0.0
2009-10-09,0.0226391,0.0,0.0
2009-10-12,0.0226391,0.0,0.0
2009-10-13,0.0226391,0.0,0.0
2009-10-14,0.0226391,0.0,0.0
2009-10-15,0.0226391,0.0,0.0
2009-10-16,0.0226391,0.0,0.0
2009-10-19,0.0226391,0.0,0.0
2009-10-20,0.0226391,0.0,0.0
2009-10-21,0.0226391,0.0,0.0
2009-10-22,0.0226391,0.0,0.0
2009-10-23,0.0226391,0.0,0.0
2009-10-26,0.0226391,0.0,0.0
2009-10-27,0.0226391,0.0,0.0
2009-10-28,0.0226391,0.0,0.0
2009-10-29,0.0226391,0.0,0.0
2009-10-30,0.0226391,0.0,0.0
2009-11-02,0.0226391,0.0,0.0
2009-11-03,0.0227886,0.023049,0.022531
2009-11-04,0.0227886,0.0,0.0
2009-11-05,0.0227886,0.0,0.0
2009-11-06,0.0227886,0.0,0.0
2009-11-09,0.0227886,0.0,0.0
2009-11-10,0.0227886,0.0,0.0
2009-11-11,0.0227886,0.0,0.0
2009-11-12,0.0227886,0.0,0.0
2009-11-13,0.0227886,0.0,0.0
2009-11-16,0.0227886,0.0,0.0
2009-11-17,0.0228367,0.023102,0.022574
2009-11-18,0.0228367,0.0,0.0
2009-11-19,0.0228367,0.0,0.0
2009-11-20,0.0228367,0.0,0.0
2009-11-23,0.0228367,0.0,0.0
2009-11-24,0.0228367,0.0,0.0
2009-11-25,0.0228367,0.0,0.0
2009-11-26,0.0228367,0.0,0.0
2009-11-27,0.0228367,0.0,0.0
2009-11-30,0.0228367,0.0,0.0
2009-12-01,0.0228367,0.0,0.0
2009-12-02,0.0228367,0.0,0.0
2009-12-03,0.0228367,0.0,0.0
2009-12-04,0.0228367,0.0,0.0
2009-12-07,0.0228367,0.0,0.0
2009-12-08,0.0228367,0.0,0.0
2009-12-09,0.0228367,0.0,0.0
2009-12-10,0.0228367,0.0,0.0
2009-12-11,0.0228367,0.0,0.0
2009-12-14,0.0228367,0.0,0.0
2009-12-15,0.0228367,0.0,0.0
2009-12-16,0.0228367,0.0,0.0
2009-12-17,0.0227392,0.0,0.0
2009-12-18,0.0227392,0.0,0.0
2009-12-21,0.0227392,0.0,0.0
2009-12-22,0.0227392,0.0,0.0
2009-12-23,0.0227392,0.0,0.0
2009-12-24,0.0227392,0.0,0.0
2009-12-25,0.0227392,0.0,0.0
2009-12-28,0.0227392,0.0,0.0
2009-12-29,0.0227392,0.0,0.0
2009-12-30,0.0227392,0.0,0.0
2009-12-31,0.0227392,0.0,0.0
2010-01-01,0.0227392,0.0,0.0
2010-01-04,0.0227392,0.0,0.0
2010-01-05,0.0227392,0.0,0.0
2010-01-06,0.0227392,0.0,0.0
2010-01-07,0.0227392,0.0,0.0
2010-01-08,0.0227392,0.0,0.0
2010-01-11,0.0227392,0.0,0.0
2010-01-12,0.0227392,0.0,0.0
2010-01-13,0.0227392,0.0,0.0
2010-01-14,0.0227392,0.0,0.0
2010-01-15,0.0227392,0.0,0.0
2010-01-18,0.0227392,0.0,0.0
2010-01-19,0.0226391,0.0,0.0
2010-01-20,0.0226391,0.0,0.0
2010-01-21,0.0226391,0.0,0.0
2010-01-22,0.0226391,0.0,0.0
2010-01-25,0.0226391,0.0,0.0
2010-01-26,0.0226391,0.0,0.0
2010-01-27,0.0226391,0.0,0.0
2010-01-28,0.0226391,0.0,0.0
2010-01-29,0.0226391,0.0,0.0
2010-02-01,0.0226391,0.0,0.0
2010-02-02,0.0226391,0.0,0.0
2010-02-03,0.0226391,0.0,0.0
2010-02-04,0.022535299999999998,0.022813999999999997,0.02226
2010-02-05,0.022535299999999998,0.0,0.0
2010-02-08,0.022535299999999998,0.0,0.0
2010-02-09,0.022535299999999998,0.0,0.0
2010-02-10,0.022535299999999998,0.0,0.0
2010-02-11,0.022437400000000003,0.022691,0.022187000000000002
2010-02-12,0.022437400000000003,0.0,0.0
2010-02-15,0.022340000000000002,0.0,0.0
2010-02-16,0.022340000000000002,0.0,0.0
2010-02-17,0.022340000000000002,0.0,0.0
2010-02-18,0.022340000000000002,0.0,0.0
2010-02-19,0.022340000000000002,0.0,0.0
2010-02-22,0.022340000000000002,0.0,0.0
2010-02-23,0.022362599999999996,0.022615,0.022113
2010-02-24,0.022362599999999996,0.0,0.0
2010-02-25,0.022362599999999996,0.0,0.0
2010-02-26,0.022362599999999996,0.0,0.0
2010-03-01,0.022362599999999996,0.0,0.0
2010-03-02,0.022362599999999996,0.0,0.0
2010-03-03,0.022362599999999996,0.0,0.0
2010-03-04,0.022340000000000002,0.0,0.0
2010-03-05,0.022340000000000002,0.0,0.0
2010-03-08,0.022340000000000002,0.0,0.0
2010-03-09,0.022340000000000002,0.0,0.0
2010-03-10,0.022362599999999996,0.022615,0.022113
2010-03-11,0.022362599999999996,0.0,0.0
2010-03-12,0.022362599999999996,0.0,0.0
2010-03-15,0.022362599999999996,0.0,0.0
2010-03-16,0.022340000000000002,0.0,0.0
2010-03-17,0.022340000000000002,0.0,0.0
2010-03-18,0.022340000000000002,0.0,0.0
2010-03-19,0.022340000000000002,0.0,0.0
2010-03-22,0.022340000000000002,0.0,0.0
2010-03-23,0.022340000000000002,0.0,0.0
2010-03-24,0.022340000000000002,0.0,0.0
2010-03-25,0.022340000000000002,0.0,0.0
2010-03-26,0.0222397,0.0,0.0
2010-03-29,0.0222397,0.0,0.0
2010-03-30,0.0222397,0.0,0.0
2010-03-31,0.0222397,0.0,0.0
2010-04-01,0.0221394,0.0,0.0
2010-04-02,0.0221394,0.0,0.0
2010-04-05,0.0221394,0.0,0.0
2010-04-06,0.0221394,0.0,0.0
2010-04-07,0.0221394,0.0,0.0
2010-04-08,0.0220357,0.022304,0.021771000000000002
2010-04-09,0.0220357,0.0,0.0
2010-04-12,0.0220357,0.0,0.0
2010-04-13,0.0220357,0.0,0.0
2010-04-14,0.0220357,0.0,0.0
2010-04-15,0.0220357,0.0,0.0
2010-04-16,0.0220606,0.0,0.0
2010-04-19,0.0220606,0.0,0.0
2010-04-20,0.0220606,0.0,0.0
2010-04-21,0.0220606,0.0,0.0
2010-04-22,0.0220606,0.0,0.0
2010-04-23,0.0220606,0.0,0.0
2010-04-26,0.0220357,0.022304,0.021771000000000002
2010-04-27,0.0220357,0.0,0.0
2010-04-28,0.0220357,0.0,0.0
2010-04-29,0.0220357,0.0,0.0
2010-04-30,0.0220357,0.0,0.0
2010-05-03,0.021935800000000002,0.022201,0.021674000000000002
2010-05-04,0.021935800000000002,0.0,0.0
2010-05-05,0.021935800000000002,0.0,0.0
2010-05-06,0.021935800000000002,0.0,0.0
2010-05-07,0.021935800000000002,0.0,0.0
2010-05-10,0.021935800000000002,0.0,0.0
2010-05-11,0.021935800000000002,0.0,0.0
2010-05-12,0.021935800000000002,0.0,0.0
2010-05-13,0.021935800000000002,0.0,0.0
2010-05-14,0.021935800000000002,0.0,0.0
2010-05-17,0.021935800000000002,0.0,0.0
2010-05-18,0.021837099999999998,0.022087,0.02159
2010-05-19,0.021837099999999998,0.0,0.0
2010-05-20,0.021837099999999998,0.0,0.0
2010-05-21,0.0217351,0.022006,0.021467
2010-05-24,0.0217351,0.0,0.0
2010-05-25,0.0217351,0.0,0.0
2010-05-26,0.0217629,0.022012,0.021516999999999998
2010-05-27,0.0217629,0.0,0.0
2010-05-28,0.0217629,0.0,0.0
2010-05-31,0.0217629,0.0,0.0
2010-06-01,0.0217629,0.0,0.0
2010-06-02,0.0217351,0.022006,0.021467
2010-06-03,0.0217351,0.0,0.0
2010-06-04,0.0217351,0.0,0.0
2010-06-07,0.0217351,0.0,0.0
2010-06-08,0.0217351,0.0,0.0
2010-06-09,0.0217351,0.0,0.0
2010-06-10,0.0217351,0.0,0.0
2010-06-11,0.0217351,0.0,0.0
2010-06-14,0.0217351,0.0,0.0
2010-06-15,0.0217351,0.0,0.0
2010-06-16,0.0217351,0.0,0.0
2010-06-17,0.0217351,0.0,0.0
2010-06-18,0.0217351,0.0,0.0
2010-06-21,0.0217351,0.0,0.0
2010-06-22,0.0217351,0.0,0.0
2010-06-23,0.0217351,0.0,0.0
2010-06-24,0.0217351,0.0,0.0
2010-06-25,0.0216386,0.0,0.0
2010-06-28,0.0216386,0.0,0.0
2010-06-29,0.0216386,0.0,0.0
2010-06-30,0.0216386,0.0,0.0
2010-07-01,0.0216386,0.0,0.0
2010-07-02,0.0215393,0.0,0.0
2010-07-05,0.0215393,0.0,0.0
2010-07-06,0.0215393,0.0,0.0
2010-07-07,0.0215393,0.0,0.0
2010-07-08,0.0215393,0.0,0.0
2010-07-09,0.0214364,0.02169,0.021186
2010-07-12,0.0214364,0.0,0.0
2010-07-13,0.0214364,0.0,0.0
2010-07-14,0.0214364,0.0,0.0
2010-07-15,0.0213393,0.0,0.0
2010-07-16,0.0213393,0.0,0.0
2010-07-19,0.0213393,0.0,0.0
2010-07-20,0.0213393,0.0,0.0
2010-07-21,0.0212351,0.021499,0.020974
2010-07-22,0.0212351,0.0,0.0
2010-07-23,0.0212607,0.0,0.0
2010-07-26,0.0212607,0.0,0.0
2010-07-27,0.0212607,0.0,0.0
2010-07-28,0.0212607,0.0,0.0
2010-07-29,0.0213636,0.021616,0.021113999999999997
2010-07-30,0.0213636,0.0,0.0
2010-08-02,0.0213636,0.0,0.0
2010-08-03,0.0213636,0.0,0.0
2010-08-04,0.0214607,0.0,0.0
2010-08-05,0.0214607,0.0,0.0
2010-08-06,0.0214607,0.0,0.0
2010-08-09,0.0214364,0.02169,0.021186
2010-08-10,0.0214364,0.0,0.0
2010-08-11,0.0214364,0.0,0.0
2010-08-12,0.0214364,0.0,0.0
2010-08-13,0.0214607,0.0,0.0
2010-08-16,0.0215614,0.0,0.0
2010-08-17,0.0215614,0.0,0.0
2010-08-18,0.0215393,0.0,0.0
2010-08-19,0.0215393,0.0,0.0
2010-08-20,0.0215393,0.0,0.0
2010-08-23,0.0215393,0.0,0.0
2010-08-24,0.0215393,0.0,0.0
2010-08-25,0.0215393,0.0,0.0
2010-08-26,0.0215393,0.0,0.0
2010-08-27,0.0214364,0.02169,0.021186
2010-08-30,0.0214364,0.0,0.0
2010-08-31,0.0214364,0.0,0.0
2010-09-01,0.0214364,0.0,0.0
2010-09-02,0.0214364,0.0,0.0
2010-09-03,0.0214364,0.0,0.0
2010-09-06,0.0213393,0.0,0.0
2010-09-07,0.0213393,0.0,0.0
2010-09-08,0.0213393,0.0,0.0
2010-09-09,0.0213393,0.0,0.0
2010-09-10,0.0213393,0.0,0.0
2010-09-13,0.0213393,0.0,0.0
2010-09-14,0.0213393,0.0,0.0
2010-09-15,0.0213393,0.0,0.0
2010-09-16,0.0213393,0.0,0.0
2010-09-17,0.0213636,0.021616,0.021113999999999997
2010-09-20,0.0213636,0.0,0.0
2010-09-21,0.0213636,0.0,0.0
2010-09-22,0.0213636,0.0,0.0
2010-09-23,0.0213393,0.0,0.0
2010-09-24,0.0213393,0.0,0.0
2010-09-27,0.0213393,0.0,0.0
2010-09-28,0.0213636,0.021616,0.021113999999999997
2010-09-29,0.0213636,0.0,0.0
2010-09-30,0.0213636,0.0,0.0
2010-10-01,0.0214607,0.0,0.0
2010-10-04,0.0214607,0.0,0.0
2010-10-05,0.0214607,0.0,0.0
2010-10-06,0.0214607,0.0,0.0
2010-10-07,0.0214364,0.02169,0.021186
2010-10-08,0.0214364,0.0,0.0
2010-10-11,0.0214607,0.0,0.0
2010-10-12,0.0215614,0.0,0.0
2010-10-13,0.0215614,0.0,0.0
2010-10-14,0.0215614,0.0,0.0
2010-10-15,0.0215614,0.0,0.0
2010-10-18,0.0215393,0.0,0.0
2010-10-19,0.0215393,0.0,0.0
2010-10-20,0.0215393,0.0,0.0
2010-10-21,0.0215393,0.0,0.0
2010-10-22,0.0215393,0.0,0.0
2010-10-25,0.0214364,0.02169,0.021186
2010-10-26,0.0214364,0.0,0.0
2010-10-27,0.0214364,0.0,0.0
2010-10-28,0.0214364,0.0,0.0
2010-10-29,0.0214364,0.0,0.0
2010-11-01,0.0214364,0.0,0.0
2010-11-02,0.0214364,0.0,0.0
2010-11-03,0.0214364,0.0,0.0
2010-11-04,0.0214364,0.0,0.0
2010-11-05,0.0214364,0.0,0.0
2010-11-08,0.0214364,0.0,0.0
2010-11-09,0.0214364,0.0,0.0
2010-11-10,0.0214364,0.0,0.0
2010-11-11,0.0214364,0.0,0.0
2010-11-12,0.0214364,0.0,0.0
2010-11-15,0.0214364,0.0,0.0
2010-11-16,0.0214364,0.0,0.0
2010-11-17,0.0214364,0.0,0.0
2010-11-18,0.0214364,0.0,0.0
2010-11-19,0.0214364,0.0,0.0
2010-11-22,0.0214364,0.0,0.0
2010-11-23,0.0214364,0.0,0.0
2010-11-24,0.0214364,0.0,0.0
2010-11-25,0.0213393,0.0,0.0
2010-11-26,0.0213393,0.0,0.0
2010-11-29,0.0213393,0.0,0.0
2010-11-30,0.0213393,0.0,0.0
2010-12-01,0.0213393,0.0,0.0
2010-12-02,0.0213393,0.0,0.0
2010-12-03,0.0213393,0.0,0.0
2010-12-06,0.0213393,0.0,0.0
2010-12-07,0.0213393,0.0,0.0
2010-12-08,0.0213393,0.0,0.0
2010-12-09,0.0213393,0.0,0.0
2010-12-10,0.0213393,0.0,0.0
2010-12-13,0.0213393,0.0,0.0
2010-12-14,0.0213393,0.0,0.0
2010-12-15,0.0212351,0.021499,0.020974
2010-12-16,0.0212351,0.0,0.0
2010-12-17,0.0212351,0.0,0.0
2010-12-20,0.0212607,0.0,0.0
2010-12-21,0.0212607,0.0,0.0
2010-12-22,0.0212607,0.0,0.0
2010-12-23,0.0212607,0.0,0.0
2010-12-24,0.0212607,0.0,0.0
2010-12-27,0.0212607,0.0,0.0
2010-12-28,0.0212607,0.0,0.0
2010-12-29,0.0212607,0.0,0.0
2010-12-30,0.0212607,0.0,0.0
2010-12-31,0.0212351,0.021499,0.020974
2011-01-03,0.0212351,0.0,0.0
2011-01-04,0.0212351,0.0,0.0
2011-01-05,0.0212351,0.0,0.0
2011-01-06,0.0212351,0.0,0.0
2011-01-07,0.0212351,0.0,0.0
2011-01-10,0.0212351,0.0,0.0
2011-01-11,0.0212351,0.0,0.0
2011-01-12,0.0212351,0.0,0.0
2011-01-13,0.0212351,0.0,0.0
2011-01-14,0.0212351,0.0,0.0
2011-01-17,0.0212351,0.0,0.0
2011-01-18,0.0211388,0.0,0.0
2011-01-19,0.0211388,0.0,0.0
2011-01-20,0.0211388,0.0,0.0
2011-01-21,0.0211388,0.0,0.0
2011-01-24,0.0211388,0.0,0.0
2011-01-25,0.0211388,0.0,0.0
2011-01-26,0.0211388,0.0,0.0
2011-01-27,0.0211388,0.0,0.0
2011-01-28,0.0211388,0.0,0.0
2011-01-31,0.0211388,0.0,0.0
2011-02-01,0.0211388,0.0,0.0
2011-02-02,0.0211388,0.0,0.0
2011-02-03,0.0211388,0.0,0.0
2011-02-04,0.0211388,0.0,0.0
2011-02-07,0.0211388,0.0,0.0
2011-02-08,0.0211388,0.0,0.0
2011-02-09,0.0211388,0.0,0.0
2011-02-10,0.0211388,0.0,0.0
2011-02-11,0.0211388,0.0,0.0
2011-02-14,0.0211388,0.0,0.0
2011-02-15,0.0211388,0.0,0.0
2011-02-16,0.0211388,0.0,0.0
2011-02-17,0.0211388,0.0,0.0
2011-02-18,0.0211388,0.0,0.0
2011-02-21,0.0211388,0.0,0.0
2011-02-22,0.0211388,0.0,0.0
2011-02-23,0.0211388,0.0,0.0
2011-02-24,0.0211388,0.0,0.0
2011-02-25,0.0211388,0.0,0.0
2011-02-28,0.0211388,0.0,0.0
2011-03-01,0.0211388,0.0,0.0
2011-03-02,0.0211388,0.0,0.0
2011-03-03,0.0211388,0.0,0.0
2011-03-04,0.0211388,0.0,0.0
2011-03-07,0.0211388,0.0,0.0
2011-03-08,0.0211388,0.0,0.0
2011-03-09,0.0211388,0.0,0.0
2011-03-10,0.0211388,0.0,0.0
2011-03-11,0.0211388,0.0,0.0
2011-03-14,0.0211388,0.0,0.0
2011-03-15,0.0211388,0.0,0.0
2011-03-16,0.0211388,0.0,0.0
2011-03-17,0.0211388,0.0,0.0
2011-03-18,0.0211388,0.0,0.0
2011-03-21,0.0211388,0.0,0.0
2011-03-22,0.0211388,0.0,0.0
2011-03-23,0.0211388,0.0,0.0
2011-03-24,0.0211388,0.0,0.0
2011-03-25,0.0211388,0.0,0.0
2011-03-28,0.0211388,0.0,0.0
2011-03-29,0.0211649,0.021428,0.020905
2011-03-30,0.0211649,0.0,0.0
2011-03-31,0.0211649,0.0,0.0
2011-04-01,0.0211649,0.0,0.0
2011-04-04,0.0211388,0.0,0.0
2011-04-05,0.0211388,0.0,0.0
2011-04-06,0.0211388,0.0,0.0
2011-04-07,0.0211388,0.0,0.0
2011-04-08,0.0211649,0.021428,0.020905
2011-04-11,0.0211649,0.0,0.0
2011-04-12,0.0211649,0.0,0.0
2011-04-13,0.0211649,0.0,0.0
2011-04-14,0.0212607,0.0,0.0
2011-04-15,0.0212607,0.0,0.0
2011-04-18,0.0212607,0.0,0.0
2011-04-19,0.0212607,0.0,0.0
2011-04-20,0.0213636,0.021616,0.021113999999999997
2011-04-21,0.0213636,0.0,0.0
2011-04-22,0.0213393,0.0,0.0
2011-04-25,0.0213393,0.0,0.0
2011-04-26,0.0213393,0.0,0.0
2011-04-27,0.0213393,0.0,0.0
2011-04-28,0.0213393,0.0,0.0
2011-04-29,0.0213636,0.021616,0.021113999999999997
2011-05-02,0.0213636,0.0,0.0
2011-05-03,0.0213636,0.0,0.0
2011-05-04,0.0214607,0.0,0.0
2011-05-05,0.0214607,0.0,0.0
2011-05-06,0.0214607,0.0,0.0
2011-05-09,0.0214607,0.0,0.0
2011-05-10,0.0214607,0.0,0.0
2011-05-11,0.0214607,0.0,0.0
2011-05-12,0.0214607,0.0,0.0
2011-05-13,0.0214607,0.0,0.0
2011-05-16,0.0214607,0.0,0.0
2011-05-17,0.0215614,0.0,0.0
2011-05-18,0.0215614,0.0,0.0
2011-05-19,0.0215614,0.0,0.0
2011-05-20,0.0215614,0.0,0.0
2011-05-23,0.0215614,0.0,0.0
2011-05-24,0.0216649,0.021935,0.021398
2011-05-25,0.0217629,0.022012,0.021516999999999998
2011-05-26,0.0217629,0.0,0.0
2011-05-27,0.0217629,0.0,0.0
2011-05-30,0.0218642,0.022129,0.021603
2011-05-31,0.0219643,0.022231,0.0217
2011-06-01,0.0219643,0.0,0.0
2011-06-02,0.0220606,0.0,0.0
2011-06-03,0.0220606,0.0,0.0
2011-06-06,0.0220606,0.0,0.0
2011-06-07,0.022160299999999997,0.0,0.0
2011-06-08,0.022160299999999997,0.0,0.0
2011-06-09,0.022160299999999997,0.0,0.0
2011-06-10,0.022160299999999997,0.0,0.0
2011-06-13,0.0221394,0.0,0.0
2011-06-14,0.0221394,0.0,0.0
2011-06-15,0.0221394,0.0,0.0
2011-06-16,0.0221394,0.0,0.0
2011-06-17,0.0221394,0.0,0.0
2011-06-20,0.0221394,0.0,0.0
2011-06-21,0.0221394,0.0,0.0
2011-06-22,0.0221394,0.0,0.0
2011-06-23,0.0221394,0.0,0.0
2011-06-24,0.0221394,0.0,0.0
2011-06-27,0.0221394,0.0,0.0
2011-06-28,0.0221394,0.0,0.0
2011-06-29,0.0221394,0.0,0.0
2011-06-30,0.0221394,0.0,0.0
2011-07-01,0.0221394,0.0,0.0
2011-07-04,0.0221394,0.0,0.0
2011-07-05,0.0221394,0.0,0.0
2011-07-06,0.0221394,0.0,0.0
2011-07-07,0.0221394,0.0,0.0
2011-07-08,0.0221394,0.0,0.0
2011-07-11,0.0221394,0.0,0.0
2011-07-12,0.0221394,0.0,0.0
2011-07-13,0.0221394,0.0,0.0
2011-07-14,0.0221394,0.0,0.0
2011-07-15,0.0221394,0.0,0.0
2011-07-18,0.0221394,0.0,0.0
2011-07-19,0.022160299999999997,0.0,0.0
2011-07-20,0.022160299999999997,0.0,0.0
2011-07-21,0.022160299999999997,0.0,0.0
2011-07-22,0.022160299999999997,0.0,0.0
2011-07-25,0.02226,0.0,0.0
2011-07-26,0.022362599999999996,0.022615,0.022113
2011-07-27,0.022362599999999996,0.0,0.0
2011-07-28,0.022362599999999996,0.0,0.0
2011-07-29,0.022362599999999996,0.0,0.0
2011-08-01,0.022362599999999996,0.0,0.0
2011-08-02,0.0224647,0.022742,0.02219
2011-08-03,0.0224647,0.0,0.0
2011-08-04,0.0224647,0.0,0.0
2011-08-05,0.0224647,0.0,0.0
2011-08-08,0.0224647,0.0,0.0
2011-08-09,0.0224647,0.0,0.0
2011-08-10,0.0224647,0.0,0.0
2011-08-11,0.0224647,0.0,0.0
2011-08-12,0.0224647,0.0,0.0
2011-08-15,0.0224647,0.0,0.0
2011-08-16,0.0224647,0.0,0.0
2011-08-17,0.022437400000000003,0.022691,0.022187000000000002
2011-08-18,0.022437400000000003,0.0,0.0
2011-08-19,0.022340000000000002,0.0,0.0
2011-08-22,0.022340000000000002,0.0,0.0
2011-08-23,0.0222397,0.0,0.0
2011-08-24,0.0222397,0.0,0.0
2011-08-25,0.0222397,0.0,0.0
2011-08-26,0.0222397,0.0,0.0
2011-08-29,0.02226,0.0,0.0
2011-08-30,0.02226,0.0,0.0
2011-08-31,0.02226,0.0,0.0
2011-09-01,0.02226,0.0,0.0
2011-09-02,0.02226,0.0,0.0
2011-09-05,0.02226,0.0,0.0
2011-09-06,0.0222397,0.0,0.0
2011-09-07,0.0222397,0.0,0.0
2011-09-08,0.0222397,0.0,0.0
2011-09-09,0.0222397,0.0,0.0
2011-09-12,0.0222397,0.0,0.0
2011-09-13,0.0222397,0.0,0.0
2011-09-14,0.0222397,0.0,0.0
2011-09-15,0.0222397,0.0,0.0
2011-09-16,0.0222397,0.0,0.0
2011-09-19,0.0221394,0.0,0.0
2011-09-20,0.0221394,0.0,0.0
2011-09-21,0.0221394,0.0,0.0
2011-09-22,0.0221394,0.0,0.0
2011-09-23,0.0221394,0.0,0.0
2011-09-26,0.022160299999999997,0.0,0.0
2011-09-27,0.022160299999999997,0.0,0.0
2011-09-28,0.022160299999999997,0.0,0.0
2011-09-29,0.022160299999999997,0.0,0.0
2011-09-30,0.022160299999999997,0.0,0.0
2011-10-03,0.022160299999999997,0.0,0.0
2011-10-04,0.022160299999999997,0.0,0.0
2011-10-05,0.022160299999999997,0.0,0.0
2011-10-06,0.022160299999999997,0.0,0.0
2011-10-07,0.0221394,0.0,0.0
2011-10-10,0.0221394,0.0,0.0
2011-10-11,0.0221394,0.0,0.0
2011-10-12,0.0221394,0.0,0.0
2011-10-13,0.0221394,0.0,0.0
2011-10-14,0.0221394,0.0,0.0
2011-10-17,0.022160299999999997,0.0,0.0
2011-10-18,0.022160299999999997,0.0,0.0
2011-10-19,0.02226,0.0,0.0
2011-10-20,0.0221788,0.0,0.0
2011-10-21,0.0221788,0.0,0.0
2011-10-24,0.0221788,0.0,0.0
2011-10-25,0.0220357,0.022304,0.021771000000000002
2011-10-26,0.0220357,0.0,0.0
2011-10-27,0.0220357,0.0,0.0
2011-10-28,0.021935800000000002,0.022201,0.021674000000000002
2011-10-31,0.021935800000000002,0.0,0.0
2011-11-01,0.021935800000000002,0.0,0.0
2011-11-02,0.021935800000000002,0.0,0.0
2011-11-03,0.021935800000000002,0.0,0.0
2011-11-04,0.021935800000000002,0.0,0.0
2011-11-07,0.021935800000000002,0.0,0.0
2011-11-08,0.021935800000000002,0.0,0.0
2011-11-09,0.021935800000000002,0.0,0.0
2011-11-10,0.021837099999999998,0.022087,0.02159
2011-11-11,0.021837099999999998,0.0,0.0
2011-11-14,0.0217351,0.022006,0.021467
2011-11-15,0.0217351,0.0,0.0
2011-11-16,0.0216386,0.0,0.0
2011-11-17,0.0216386,0.0,0.0
2011-11-18,0.0215393,0.0,0.0
2011-11-21,0.0214364,0.02169,0.021186
2011-11-22,0.0214607,0.0,0.0
2011-11-23,0.0214364,0.02169,0.021186
2011-11-24,0.0214364,0.0,0.0
2011-11-25,0.0214364,0.0,0.0
2011-11-28,0.0214364,0.0,0.0
2011-11-29,0.0214364,0.0,0.0
2011-11-30,0.0214364,0.0,0.0
2011-12-01,0.0214364,0.0,0.0
2011-12-02,0.0214364,0.0,0.0
2011-12-05,0.0214364,0.0,0.0
2011-12-06,0.0214364,0.0,0.0
2011-12-07,0.0213393,0.0,0.0
2011-12-08,0.0213636,0.021616,0.021113999999999997
2011-12-09,0.0214607,0.0,0.0
2011-12-12,0.0214607,0.0,0.0
2011-12-13,0.0214607,0.0,0.0
2011-12-14,0.0214607,0.0,0.0
2011-12-15,0.0214364,0.02169,0.021186
2011-12-16,0.0214364,0.0,0.0
2011-12-19,0.0214364,0.0,0.0
2011-12-20,0.0214607,0.0,0.0
2011-12-21,0.0214607,0.0,0.0
2011-12-22,0.0214364,0.02169,0.021186
2011-12-23,0.0214364,0.0,0.0
2011-12-26,0.0214364,0.0,0.0
2011-12-27,0.0214607,0.0,0.0
2011-12-28,0.0215614,0.0,0.0
2011-12-29,0.0215614,0.0,0.0
2011-12-30,0.0215614,0.0,0.0
2012-01-02,0.0215393,0.0,0.0
2012-01-03,0.0215393,0.0,0.0
2012-01-04,0.0215393,0.0,0.0
2012-01-05,0.0215393,0.0,0.0
2012-01-06,0.0215393,0.0,0.0
2012-01-09,0.0215393,0.0,0.0
2012-01-10,0.0215393,0.0,0.0
2012-01-11,0.0215393,0.0,0.0
2012-01-12,0.0215393,0.0,0.0
2012-01-13,0.0215393,0.0,0.0
2012-01-16,0.0215393,0.0,0.0
2012-01-17,0.0215393,0.0,0.0
2012-01-18,0.0215393,0.0,0.0
2012-01-19,0.0215393,0.0,0.0
2012-01-20,0.0215393,0.0,0.0
2012-01-23,0.0215393,0.0,0.0
2012-01-24,0.0215393,0.0,0.0
2012-01-25,0.0214364,0.02169,0.021186
2012-01-26,0.0214364,0.0,0.0
2012-01-27,0.0214364,0.0,0.0
2012-01-30,0.0214364,0.0,0.0
2012-01-31,0.0214364,0.0,0.0
2012-02-01,0.0213393,0.0,0.0
2012-02-02,0.0213636,0.021616,0.021113999999999997
2012-02-03,0.0213636,0.0,0.0
2012-02-06,0.0213393,0.0,0.0
2012-02-07,0.0213393,0.0,0.0
2012-02-08,0.0213393,0.0,0.0
2012-02-09,0.0213393,0.0,0.0
2012-02-10,0.0213393,0.0,0.0
2012-02-13,0.0213393,0.0,0.0
2012-02-14,0.0213636,0.021616,0.021113999999999997
2012-02-15,0.0214607,0.0,0.0
2012-02-16,0.0214607,0.0,0.0
2012-02-17,0.0214607,0.0,0.0
2012-02-20,0.0214364,0.02169,0.021186
2012-02-21,0.0214364,0.0,0.0
2012-02-22,0.0214364,0.0,0.0
2012-02-23,0.0213393,0.0,0.0
2012-02-24,0.0213393,0.0,0.0
2012-02-27,0.0213393,0.0,0.0
2012-02-28,0.0213636,0.021616,0.021113999999999997
2012-02-29,0.0214607,0.0,0.0
2012-03-01,0.0214607,0.0,0.0
2012-03-02,0.0214364,0.02169,0.021186
2012-03-05,0.0214364,0.0,0.0
2012-03-06,0.0214364,0.0,0.0
2012-03-07,0.0214364,0.0,0.0
2012-03-08,0.0214607,0.0,0.0
2012-03-09,0.0214607,0.0,0.0
2012-03-12,0.0214607,0.0,0.0
2012-03-13,0.0214607,0.0,0.0
2012-03-14,0.0214607,0.0,0.0
2012-03-15,0.0214607,0.0,0.0
2012-03-16,0.0214364,0.02169,0.021186
2012-03-19,0.0214364,0.0,0.0
2012-03-20,0.0213393,0.0,0.0
2012-03-21,0.0213393,0.0,0.0
2012-03-22,0.0213393,0.0,0.0
2012-03-23,0.0213636,0.021616,0.021113999999999997
2012-03-26,0.0214607,0.0,0.0
2012-03-27,0.0214607,0.0,0.0
2012-03-28,0.0214607,0.0,0.0
2012-03-29,0.0214364,0.02169,0.021186
2012-03-30,0.0214364,0.0,0.0
2012-04-02,0.0214364,0.0,0.0
2012-04-03,0.0214607,0.0,0.0
2012-04-04,0.0214364,0.02169,0.021186
2012-04-05,0.0213393,0.0,0.0
2012-04-06,0.0213393,0.0,0.0
2012-04-09,0.0213636,0.021616,0.021113999999999997
2012-04-10,0.0213636,0.0,0.0
2012-04-11,0.0213636,0.0,0.0
2012-04-12,0.0213636,0.0,0.0
2012-04-13,0.0213636,0.0,0.0
2012-04-16,0.0213636,0.0,0.0
2012-04-17,0.0214607,0.0,0.0
2012-04-18,0.0214364,0.02169,0.021186
2012-04-19,0.0214364,0.0,0.0
2012-04-20,0.0214364,0.0,0.0
2012-04-23,0.0214364,0.0,0.0
2012-04-24,0.0213393,0.0,0.0
2012-04-25,0.0213393,0.0,0.0
2012-04-26,0.0213393,0.0,0.0
2012-04-27,0.0213393,0.0,0.0
2012-04-30,0.0213393,0.0,0.0
2012-05-01,0.0213393,0.0,0.0
2012-05-02,0.0213393,0.0,0.0
2012-05-03,0.0213393,0.0,0.0
2012-05-04,0.0213393,0.0,0.0
2012-05-07,0.0213393,0.0,0.0
2012-05-08,0.0213393,0.0,0.0
2012-05-09,0.0213393,0.0,0.0
2012-05-10,0.0213393,0.0,0.0
2012-05-11,0.0213393,0.0,0.0
2012-05-14,0.0213393,0.0,0.0
2012-05-15,0.0212351,0.021499,0.020974
2012-05-16,0.0212351,0.0,0.0
2012-05-17,0.0212351,0.0,0.0
2012-05-18,0.0212351,0.0,0.0
2012-05-21,0.0212351,0.0,0.0
2012-05-22,0.0212351,0.0,0.0
2012-05-23,0.0212351,0.0,0.0
2012-05-24,0.0212351,0.0,0.0
2012-05-25,0.0211388,0.0,0.0
2012-05-28,0.0211649,0.021428,0.020905
2012-05-29,0.0211649,0.0,0.0
2012-05-30,0.0212607,0.0,0.0
2012-05-31,0.0212607,0.0,0.0
2012-06-01,0.0212607,0.0,0.0
2012-06-04,0.0212607,0.0,0.0
2012-06-05,0.0212351,0.021499,0.020974
2012-06-06,0.0211388,0.0,0.0
2012-06-07,0.0211388,0.0,0.0
2012-06-08,0.0211388,0.0,0.0
2012-06-11,0.0211388,0.0,0.0
2012-06-12,0.0211388,0.0,0.0
2012-06-13,0.0211388,0.0,0.0
2012-06-14,0.0211649,0.021428,0.020905
2012-06-15,0.0211649,0.0,0.0
2012-06-18,0.0211649,0.0,0.0
2012-06-19,0.0211649,0.0,0.0
2012-06-20,0.0211649,0.0,0.0
2012-06-21,0.0211649,0.0,0.0
2012-06-22,0.0211649,0.0,0.0
2012-06-25,0.0211649,0.0,0.0
2012-06-26,0.0211649,0.0,0.0
2012-06-27,0.0211649,0.0,0.0
2012-06-28,0.0211649,0.0,0.0
2012-06-29,0.0211649,0.0,0.0
2012-07-02,0.0211649,0.0,0.0
2012-07-03,0.0211388,0.0,0.0
2012-07-04,0.0211388,0.0,0.0
2012-07-05,0.0211388,0.0,0.0
2012-07-06,0.0211388,0.0,0.0
2012-07-09,0.0211388,0.0,0.0
2012-07-10,0.0211388,0.0,0.0
2012-07-11,0.0211649,0.021428,0.020905
2012-07-12,0.0211649,0.0,0.0
2012-07-13,0.0211649,0.0,0.0
2012-07-16,0.0211649,0.0,0.0
2012-07-17,0.0211649,0.0,0.0
2012-07-18,0.0211649,0.0,0.0
2012-07-19,0.0211649,0.0,0.0
2012-07-20,0.0211649,0.0,0.0
2012-07-23,0.0211649,0.0,0.0
2012-07-24,0.0211649,0.0,0.0
2012-07-25,0.0212607,0.0,0.0
2012-07-26,0.0212607,0.0,0.0
2012-07-27,0.0212351,0.021499,0.020974
2012-07-30,0.0212351,0.0,0.0
2012-07-31,0.0212351,0.0,0.0
2012-08-01,0.0212351,0.0,0.0
2012-08-02,0.0212351,0.0,0.0
2012-08-03,0.0212351,0.0,0.0
2012-08-06,0.0212351,0.0,0.0
2012-08-07,0.0212351,0.0,0.0
2012-08-08,0.0212351,0.0,0.0
2012-08-09,0.0212351,0.0,0.0
2012-08-10,0.0212351,0.0,0.0
2012-08-13,0.0212351,0.0,0.0
2012-08-14,0.0212351,0.0,0.0
2012-08-15,0.0212351,0.0,0.0
2012-08-16,0.0212607,0.0,0.0
2012-08-17,0.0212607,0.0,0.0
2012-08-20,0.0213636,0.021616,0.021113999999999997
2012-08-21,0.0213636,0.0,0.0
2012-08-22,0.0213636,0.0,0.0
2012-08-23,0.0213636,0.0,0.0
2012-08-24,0.0213636,0.0,0.0
2012-08-27,0.0213636,0.0,0.0
2012-08-28,0.0214607,0.0,0.0
2012-08-29,0.0215614,0.0,0.0
2012-08-30,0.0216649,0.021935,0.021398
2012-08-31,0.0216649,0.0,0.0
2012-09-03,0.0216649,0.0,0.0
2012-09-04,0.0216386,0.0,0.0
2012-09-05,0.0214727,0.021726,0.021222
2012-09-06,0.0212703,0.021535,0.021009
2012-09-07,0.021076400000000002,0.0,0.0
2012-09-10,0.0210612,0.0,0.0
2012-09-11,0.0210612,0.0,0.0
2012-09-12,0.0211649,0.021428,0.020905
2012-09-13,0.0211649,0.0,0.0
2012-09-14,0.0213273,0.021578999999999997,0.021078
2012-09-17,0.0213393,0.0,0.0
2012-09-18,0.0212351,0.021499,0.020974
2012-09-19,0.0212351,0.0,0.0
2012-09-20,0.0212351,0.0,0.0
2012-09-21,0.0212351,0.0,0.0
2012-09-24,0.0212607,0.0,0.0
2012-09-25,0.0212351,0.021499,0.020974
2012-09-26,0.0212351,0.0,0.0
2012-09-27,0.0212607,0.0,0.0
2012-09-28,0.0212607,0.0,0.0
2012-10-01,0.0212351,0.021499,0.020974
2012-10-02,0.0212351,0.0,0.0
2012-10-03,0.0212351,0.0,0.0
2012-10-04,0.0212607,0.0,0.0
2012-10-05,0.0212351,0.021499,0.020974
2012-10-08,0.0212351,0.0,0.0
2012-10-09,0.0212351,0.0,0.0
2012-10-10,0.0212351,0.0,0.0
2012-10-11,0.0212351,0.0,0.0
2012-10-12,0.0212351,0.0,0.0
2012-10-15,0.0212351,0.0,0.0
2012-10-16,0.0212351,0.0,0.0
2012-10-17,0.0212351,0.0,0.0
2012-10-18,0.0212351,0.0,0.0
2012-10-19,0.0212351,0.0,0.0
2012-10-22,0.0212607,0.0,0.0
2012-10-23,0.0212607,0.0,0.0
2012-10-24,0.0212351,0.021499,0.020974
2012-10-25,0.0212351,0.0,0.0
2012-10-26,0.0212351,0.0,0.0
2012-10-29,0.0212351,0.0,0.0
2012-10-30,0.0212351,0.0,0.0
2012-10-31,0.0212351,0.0,0.0
2012-11-01,0.0212351,0.0,0.0
2012-11-02,0.0212351,0.0,0.0
2012-11-05,0.0212351,0.0,0.0
2012-11-06,0.0212351,0.0,0.0
2012-11-07,0.0212351,0.0,0.0
2012-11-08,0.0212351,0.0,0.0
2012-11-09,0.0212351,0.0,0.0
2012-11-12,0.0212351,0.0,0.0
2012-11-13,0.0212351,0.0,0.0
2012-11-14,0.0212351,0.0,0.0
2012-11-15,0.0212351,0.0,0.0
2012-11-16,0.0211388,0.0,0.0
2012-11-19,0.0211388,0.0,0.0
2012-11-20,0.0211388,0.0,0.0
2012-11-21,0.0211388,0.0,0.0
2012-11-22,0.0211388,0.0,0.0
2012-11-23,0.0211388,0.0,0.0
2012-11-26,0.0211388,0.0,0.0
2012-11-27,0.0211388,0.0,0.0
2012-11-28,0.0211649,0.021428,0.020905
2012-11-29,0.0211649,0.0,0.0
2012-11-30,0.0211649,0.0,0.0
2012-12-03,0.0211649,0.0,0.0
2012-12-04,0.0211388,0.0,0.0
2012-12-05,0.0211388,0.0,0.0
2012-12-06,0.0211388,0.0,0.0
2012-12-07,0.0211388,0.0,0.0
2012-12-10,0.0211388,0.0,0.0
2012-12-11,0.0211388,0.0,0.0
2012-12-12,0.0211388,0.0,0.0
2012-12-13,0.0211388,0.0,0.0
2012-12-14,0.0211388,0.0,0.0
2012-12-17,0.0211388,0.0,0.0
2012-12-18,0.0211388,0.0,0.0
2012-12-19,0.0211388,0.0,0.0
2012-12-20,0.0211388,0.0,0.0
2012-12-21,0.0211388,0.0,0.0
2012-12-24,0.0211388,0.0,0.0
2012-12-25,0.0211388,0.0,0.0
2012-12-26,0.0211388,0.0,0.0
2012-12-27,0.0211388,0.0,0.0
2012-12-28,0.0211388,0.0,0.0
2012-12-31,0.0211388,0.0,0.0
2013-01-01,0.0211388,0.0,0.0
2013-01-02,0.0211388,0.0,0.0
2013-01-03,0.0211388,0.0,0.0
2013-01-04,0.0211388,0.0,0.0
2013-01-07,0.0211388,0.0,0.0
2013-01-08,0.0211388,0.0,0.0
2013-01-09,0.0211388,0.0,0.0
2013-01-10,0.0211388,0.0,0.0
2013-01-11,0.0211388,0.0,0.0
2013-01-14,0.0211388,0.0,0.0
2013-01-15,0.0211388,0.0,0.0
2013-01-16,0.0211388,0.0,0.0
2013-01-17,0.0211388,0.0,0.0
2013-01-18,0.0211388,0.0,0.0
2013-01-21,0.0210382,0.0,0.0
2013-01-22,0.0210382,0.0,0.0
2013-01-23,0.0210382,0.0,0.0
2013-01-24,0.0210382,0.0,0.0
2013-01-25,0.0210382,0.0,0.0
2013-01-28,0.0210382,0.0,0.0
2013-01-29,0.0210382,0.0,0.0
2013-01-30,0.0210382,0.0,0.0
2013-01-31,0.0209395,0.0,0.0
2013-02-01,0.0209395,0.0,0.0
2013-02-04,0.0209395,0.0,0.0
2013-02-05,0.0209395,0.0,0.0
2013-02-06,0.0209395,0.0,0.0
2013-02-07,0.0208363,0.021084000000000002,0.020592
2013-02-08,0.0208605,0.0,0.0
2013-02-11,0.0208605,0.0,0.0
2013-02-12,0.0208605,0.0,0.0
2013-02-13,0.0208605,0.0,0.0
2013-02-14,0.0208605,0.0,0.0
2013-02-15,0.0208605,0.0,0.0
2013-02-18,0.0208605,0.0,0.0
2013-02-19,0.0208605,0.0,0.0
2013-02-20,0.0209618,0.0,0.0
2013-02-21,0.0209618,0.0,0.0
2013-02-22,0.0209618,0.0,0.0
2013-02-25,0.0209618,0.0,0.0
2013-02-26,0.0209618,0.0,0.0
2013-02-27,0.0209618,0.0,0.0
2013-02-28,0.0209618,0.0,0.0
2013-03-01,0.0209618,0.0,0.0
2013-03-04,0.0209618,0.0,0.0
2013-03-05,0.0209618,0.0,0.0
2013-03-06,0.0209618,0.0,0.0
2013-03-07,0.0209395,0.0,0.0
2013-03-08,0.0209395,0.0,0.0
2013-03-11,0.0209395,0.0,0.0
2013-03-12,0.0209395,0.0,0.0
2013-03-13,0.0209395,0.0,0.0
2013-03-14,0.0209395,0.0,0.0
2013-03-15,0.0209395,0.0,0.0
2013-03-18,0.0209395,0.0,0.0
2013-03-19,0.0209395,0.0,0.0
2013-03-20,0.0209395,0.0,0.0
2013-03-21,0.0209395,0.0,0.0
2013-03-22,0.0209395,0.0,0.0
2013-03-25,0.0209395,0.0,0.0
2013-03-26,0.0209395,0.0,0.0
2013-03-27,0.0208363,0.021084000000000002,0.020592
2013-03-28,0.0208605,0.0,0.0
2013-03-29,0.0208605,0.0,0.0
2013-04-01,0.0208605,0.0,0.0
2013-04-02,0.0208605,0.0,0.0
2013-04-03,0.0208605,0.0,0.0
2013-04-04,0.0208605,0.0,0.0
2013-04-05,0.0208605,0.0,0.0
2013-04-08,0.0208363,0.021084000000000002,0.020592
2013-04-09,0.0208363,0.0,0.0
2013-04-10,0.0208363,0.0,0.0
2013-04-11,0.0208363,0.0,0.0
2013-04-12,0.0208363,0.0,0.0
2013-04-15,0.0207359,0.020986,0.020489
2013-04-16,0.0207359,0.0,0.0
2013-04-17,0.0207359,0.0,0.0
2013-04-18,0.0207359,0.0,0.0
2013-04-19,0.020635499999999998,0.020888999999999998,0.020385
2013-04-22,0.020635499999999998,0.0,0.0
2013-04-23,0.020635499999999998,0.0,0.0
2013-04-24,0.020664099999999998,0.020913,0.020418000000000002
2013-04-25,0.020664099999999998,0.0,0.0
2013-04-26,0.020664099999999998,0.0,0.0
2013-04-29,0.020664099999999998,0.0,0.0
2013-04-30,0.0207637,0.02101,0.02052
2013-05-01,0.0207637,0.0,0.0
2013-05-02,0.0207637,0.0,0.0
2013-05-03,0.0207637,0.0,0.0
2013-05-06,0.0207637,0.0,0.0
2013-05-07,0.0207637,0.0,0.0
2013-05-08,0.0207637,0.0,0.0
2013-05-09,0.0207637,0.0,0.0
2013-05-10,0.0207637,0.0,0.0
2013-05-13,0.0207637,0.0,0.0
2013-05-14,0.0207637,0.0,0.0
2013-05-15,0.0207637,0.0,0.0
2013-05-16,0.0207637,0.0,0.0
2013-05-17,0.0207359,0.020986,0.020489
2013-05-20,0.0207359,0.0,0.0
2013-05-21,0.0207359,0.0,0.0
2013-05-22,0.0207359,0.0,0.0
2013-05-23,0.0207359,0.0,0.0
2013-05-24,0.0207359,0.0,0.0
2013-05-27,0.0207359,0.0,0.0
2013-05-28,0.0207359,0.0,0.0
2013-05-29,0.0207637,0.02101,0.02052
2013-05-30,0.0207637,0.0,0.0
2013-05-31,0.0207359,0.020986,0.020489
2013-06-03,0.0207359,0.0,0.0
2013-06-04,0.0207359,0.0,0.0
2013-06-05,0.0207359,0.0,0.0
2013-06-06,0.020635499999999998,0.020888999999999998,0.020385
2013-06-07,0.020635499999999998,0.0,0.0
2013-06-10,0.020536900000000004,0.020774,0.020302
2013-06-11,0.020536900000000004,0.0,0.0
2013-06-12,0.0205645,0.020817,0.020315
2013-06-13,0.020664099999999998,0.020913,0.020418000000000002
2013-06-14,0.020664099999999998,0.0,0.0
2013-06-17,0.020664099999999998,0.0,0.0
2013-06-18,0.020635499999999998,0.020888999999999998,0.020385
2013-06-19,0.020635499999999998,0.0,0.0
2013-06-20,0.020664099999999998,0.020913,0.020418000000000002
2013-06-21,0.020664099999999998,0.0,0.0
2013-06-24,0.020664099999999998,0.0,0.0
2013-06-25,0.020664099999999998,0.0,0.0
2013-06-26,0.020635499999999998,0.020888999999999998,0.020385
2013-06-27,0.020635499999999998,0.0,0.0
2013-06-28,0.020635499999999998,0.0,0.0
2013-07-01,0.020635499999999998,0.0,0.0
2013-07-02,0.020635499999999998,0.0,0.0
2013-07-03,0.020635499999999998,0.0,0.0
2013-07-04,0.020635499999999998,0.0,0.0
2013-07-05,0.020536900000000004,0.020774,0.020302
2013-07-08,0.020536900000000004,0.0,0.0
2013-07-09,0.020536900000000004,0.0,0.0
2013-07-10,0.020536900000000004,0.0,0.0
2013-07-11,0.020536900000000004,0.0,0.0
2013-07-12,0.020536900000000004,0.0,0.0
2013-07-15,0.020536900000000004,0.0,0.0
2013-07-16,0.020536900000000004,0.0,0.0
2013-07-17,0.0204371,0.020671000000000002,0.020206000000000002
2013-07-18,0.0204371,0.0,0.0
2013-07-19,0.0204371,0.0,0.0
2013-07-22,0.0204371,0.0,0.0
2013-07-23,0.0204371,0.0,0.0
2013-07-24,0.0204371,0.0,0.0
2013-07-25,0.0204371,0.0,0.0
2013-07-26,0.0204371,0.0,0.0
2013-07-29,0.0204371,0.0,0.0
2013-07-30,0.020463099999999998,0.020699000000000002,0.020229
2013-07-31,0.020463099999999998,0.0,0.0
2013-08-01,0.020463099999999998,0.0,0.0
2013-08-02,0.020463099999999998,0.0,0.0
2013-08-05,0.020463099999999998,0.0,0.0
2013-08-06,0.020463099999999998,0.0,0.0
2013-08-07,0.020463099999999998,0.0,0.0
2013-08-08,0.020463099999999998,0.0,0.0
2013-08-09,0.020463099999999998,0.0,0.0
2013-08-12,0.020463099999999998,0.0,0.0
2013-08-13,0.0204371,0.020671000000000002,0.020206000000000002
2013-08-14,0.0204371,0.0,0.0
2013-08-15,0.0204371,0.0,0.0
2013-08-16,0.0204371,0.0,0.0
2013-08-19,0.0204371,0.0,0.0
2013-08-20,0.020529099999999998,0.020781,0.02028
2013-08-21,0.020529099999999998,0.0,0.0
2013-08-22,0.020529099999999998,0.0,0.0
2013-08-23,0.020529099999999998,0.0,0.0
2013-08-26,0.020529099999999998,0.0,0.0
2013-08-27,0.020529099999999998,0.0,0.0
2013-08-28,0.020529099999999998,0.0,0.0
2013-08-29,0.020529099999999998,0.0,0.0
2013-08-30,0.020536900000000004,0.020774,0.020302
2013-09-02,0.020536900000000004,0.0,0.0
2013-09-03,0.020536900000000004,0.0,0.0
2013-09-04,0.020536900000000004,0.0,0.0
2013-09-05,0.020536900000000004,0.0,0.0
2013-09-06,0.020536900000000004,0.0,0.0
2013-09-09,0.020536900000000004,0.0,0.0
2013-09-10,0.0204371,0.020671000000000002,0.020206000000000002
2013-09-11,0.0203352,0.020587,0.020086
2013-09-12,0.0203352,0.0,0.0
2013-09-13,0.0203352,0.0,0.0
2013-09-16,0.0203352,0.0,0.0
2013-09-17,0.020362900000000003,0.020596,0.020133
2013-09-18,0.020463099999999998,0.020699000000000002,0.020229
2013-09-19,0.020463099999999998,0.0,0.0
2013-09-20,0.0204371,0.020671000000000002,0.020206000000000002
2013-09-23,0.0204371,0.0,0.0
2013-09-24,0.0204371,0.0,0.0
2013-09-25,0.020463099999999998,0.020699000000000002,0.020229
2013-09-26,0.020463099999999998,0.0,0.0
2013-09-27,0.020463099999999998,0.0,0.0
2013-09-30,0.0205645,0.020817,0.020315
2013-10-01,0.0205645,0.0,0.0
2013-10-02,0.020536900000000004,0.020774,0.020302
2013-10-03,0.020536900000000004,0.0,0.0
2013-10-04,0.020536900000000004,0.0,0.0
2013-10-07,0.020536900000000004,0.0,0.0
2013-10-08,0.020536900000000004,0.0,0.0
2013-10-09,0.020536900000000004,0.0,0.0
2013-10-10,0.020536900000000004,0.0,0.0
2013-10-11,0.020536900000000004,0.0,0.0
2013-10-14,0.020536900000000004,0.0,0.0
2013-10-15,0.020536900000000004,0.0,0.0
2013-10-16,0.020536900000000004,0.0,0.0
2013-10-17,0.0205645,0.020817,0.020315
2013-10-18,0.0205645,0.0,0.0
2013-10-21,0.0205645,0.0,0.0
2013-10-22,0.0205645,0.0,0.0
2013-10-23,0.0205645,0.0,0.0
2013-10-24,0.020536900000000004,0.020774,0.020302
2013-10-25,0.020536900000000004,0.0,0.0
2013-10-28,0.0205645,0.020817,0.020315
2013-10-29,0.0205645,0.0,0.0
2013-10-30,0.0205645,0.0,0.0
2013-10-31,0.0205645,0.0,0.0
2013-11-01,0.0205645,0.0,0.0
2013-11-04,0.0205645,0.0,0.0
2013-11-05,0.0205645,0.0,0.0
2013-11-06,0.0205645,0.0,0.0
2013-11-07,0.0205645,0.0,0.0
2013-11-08,0.0205645,0.0,0.0
2013-11-11,0.0205645,0.0,0.0
2013-11-12,0.0205645,0.0,0.0
2013-11-13,0.0205645,0.0,0.0
2013-11-14,0.0205645,0.0,0.0
2013-11-15,0.0205645,0.0,0.0
2013-11-18,0.0205645,0.0,0.0
2013-11-19,0.0205645,0.0,0.0
2013-11-20,0.0205645,0.0,0.0
2013-11-21,0.0205645,0.0,0.0
2013-11-22,0.0205645,0.0,0.0
2013-11-25,0.0205645,0.0,0.0
2013-11-26,0.0205645,0.0,0.0
2013-11-27,0.0205645,0.0,0.0
2013-11-28,0.0205645,0.0,0.0
2013-11-29,0.0205645,0.0,0.0
2013-12-02,0.0204742,0.020709,0.020243
2013-12-03,0.0204742,0.0,0.0
2013-12-04,0.0204742,0.0,0.0
2013-12-05,0.0204742,0.0,0.0
2013-12-06,0.0203352,0.020587,0.020086
2013-12-09,0.0203352,0.0,0.0
2013-12-10,0.0202384,0.0,0.0
2013-12-11,0.0202384,0.0,0.0
2013-12-12,0.0202384,0.0,0.0
2013-12-13,0.0202384,0.0,0.0
2013-12-16,0.0202648,0.020516,0.020017
2013-12-17,0.0202648,0.0,0.0
2013-12-18,0.020362900000000003,0.020596,0.020133
2013-12-19,0.020362900000000003,0.0,0.0
2013-12-20,0.020362900000000003,0.0,0.0
2013-12-23,0.0203352,0.020587,0.020086
2013-12-24,0.0203352,0.0,0.0
2013-12-25,0.0203352,0.0,0.0
2013-12-26,0.0202384,0.0,0.0
2013-12-27,0.0202384,0.0,0.0
2013-12-30,0.0202648,0.020516,0.020017
2013-12-31,0.0202648,0.0,0.0
2014-01-01,0.0202648,0.0,0.0
2014-01-02,0.0202648,0.0,0.0
2014-01-03,0.0202648,0.0,0.0
2014-01-06,0.0202648,0.0,0.0
2014-01-07,0.0202648,0.0,0.0
2014-01-08,0.0202648,0.0,0.0
2014-01-09,0.0202648,0.0,0.0
2014-01-10,0.0202648,0.0,0.0
2014-01-13,0.0202648,0.0,0.0
2014-01-14,0.0202648,0.0,0.0
2014-01-15,0.0202648,0.0,0.0
2014-01-16,0.0202648,0.0,0.0
2014-01-17,0.0202648,0.0,0.0
2014-01-20,0.0202648,0.0,0.0
2014-01-21,0.0202648,0.0,0.0
2014-01-22,0.0202648,0.0,0.0
2014-01-23,0.0202648,0.0,0.0
2014-01-24,0.0202648,0.0,0.0
2014-01-27,0.0202648,0.0,0.0
2014-01-28,0.0202648,0.0,0.0
2014-01-29,0.0202648,0.0,0.0
2014-01-30,0.0202648,0.0,0.0
2014-01-31,0.019983,0.020217,0.019752000000000002
2014-02-03,0.0198611,0.0,0.0
2014-02-04,0.0198611,0.0,0.0
2014-02-05,0.0198366,0.020069,0.019607
2014-02-06,0.0197363,0.019969999999999998,0.019505
2014-02-07,0.01964,0.0,0.0
2014-02-10,0.01964,0.0,0.0
2014-02-11,0.01964,0.0,0.0
2014-02-12,0.0195372,0.01976,0.019316999999999997
2014-02-13,0.019438,0.0,0.0
2014-02-14,0.019438,0.0,0.0
2014-02-17,0.019438,0.0,0.0
2014-02-18,0.019438,0.0,0.0
2014-02-19,0.019438,0.0,0.0
2014-02-20,0.019438,0.0,0.0
2014-02-21,0.019438,0.0,0.0
2014-02-24,0.019438,0.0,0.0
2014-02-25,0.019438,0.0,0.0
2014-02-26,0.019438,0.0,0.0
2014-02-27,0.019438,0.0,0.0
2014-02-28,0.019438,0.0,0.0
2014-03-03,0.019438,0.0,0.0
2014-03-04,0.019438,0.0,0.0
2014-03-05,0.019438,0.0,0.0
2014-03-06,0.019438,0.0,0.0
2014-03-07,0.019438,0.0,0.0
2014-03-10,0.019438,0.0,0.0
2014-03-11,0.019438,0.0,0.0
2014-03-12,0.019438,0.0,0.0
2014-03-13,0.019438,0.0,0.0
2014-03-14,0.019438,0.0,0.0
2014-03-17,0.019438,0.0,0.0
2014-03-18,0.019438,0.0,0.0
2014-03-19,0.019438,0.0,0.0
2014-03-20,0.019438,0.0,0.0
2014-03-21,0.019438,0.0,0.0
2014-03-24,0.019438,0.0,0.0
2014-03-25,0.019438,0.0,0.0
2014-03-26,0.019438,0.0,0.0
2014-03-27,0.019438,0.0,0.0
2014-03-28,0.019438,0.0,0.0
2014-03-31,0.019438,0.0,0.0
2014-04-01,0.019438,0.0,0.0
2014-04-02,0.019438,0.0,0.0
2014-04-03,0.019438,0.0,0.0
2014-04-04,0.019438,0.0,0.0
2014-04-07,0.019438,0.0,0.0
2014-04-08,0.019438,0.0,0.0
2014-04-09,0.018781700000000002,0.0,0.0
2014-04-10,0.018781700000000002,0.0,0.0
2014-04-11,0.018781700000000002,0.0,0.0
2014-04-14,0.018781700000000002,0.0,0.0
2014-04-15,0.018781700000000002,0.0,0.0
2014-04-16,0.018781700000000002,0.0,0.0
2014-04-17,0.018781700000000002,0.0,0.0
2014-04-18,0.018781700000000002,0.0,0.0
2014-04-21,0.018781700000000002,0.0,0.0
2014-04-22,0.018781700000000002,0.0,0.0
2014-04-23,0.018781700000000002,0.0,0.0
2014-04-24,0.018781700000000002,0.0,0.0
2014-04-25,0.018781700000000002,0.0,0.0
2014-04-28,0.018781700000000002,0.0,0.0
2014-04-29,0.0184643,0.018688999999999997,0.018241999999999998
2014-04-30,0.0184643,0.0,0.0
2014-05-01,0.0185626,0.018772999999999998,0.018355
2014-05-02,0.0185626,0.0,0.0
2014-05-05,0.0185626,0.0,0.0
2014-05-06,0.0185626,0.0,0.0
2014-05-07,0.018725400000000003,0.018938,0.018515
2014-05-08,0.018725400000000003,0.0,0.0
2014-05-09,0.0189945,0.01923,0.018761
2014-05-12,0.0189945,0.0,0.0
2014-05-13,0.0189945,0.0,0.0
2014-05-14,0.0189945,0.0,0.0
2014-05-15,0.019161400000000002,0.0,0.0
2014-05-16,0.019161400000000002,0.0,0.0
2014-05-19,0.0192648,0.019503,0.019029
2014-05-20,0.0192648,0.0,0.0
2014-05-21,0.0192648,0.0,0.0
2014-05-22,0.019238599999999998,0.0,0.0
2014-05-23,0.0191352,0.019372999999999998,0.0189
2014-05-26,0.0190384,0.0,0.0
