Date,Open,High,Low,Close,Volume
2007-05-09,50.03,50.03,50.03,50.03,100.0
2007-05-10,,,,50.03,0.0
2007-05-11,,,,50.03,0.0
2007-05-14,49.98,50.0,49.96,49.96,600.0
2007-05-15,,,,49.96,0.0
2007-05-16,50.14,50.14,49.89,49.89,600.0
2007-05-17,49.8,49.83,49.8,49.83,800.0
2007-05-18,49.87,49.87,49.87,49.87,100.0
2007-05-21,,,,49.87,0.0
2007-05-22,49.69,49.7,49.69,49.69,7800.0
2007-05-23,49.72,49.74,49.72,49.74,2400.0
2007-05-24,49.62,49.66,49.62,49.62,3000.0
2007-05-25,49.76,49.78,49.72,49.76,2300.0
2007-05-29,49.9,49.9,49.67,49.67,900.0
2007-05-30,,,,49.67,0.0
2007-05-31,49.73,49.76,49.73,49.75,24300.0
2007-06-01,49.68,49.72,49.66,49.72,4100.0
2007-06-04,49.85,49.89,49.84,49.88,10300.0
2007-06-05,50.01,50.01,49.99,50.01,600.0
2007-06-06,49.94,50.01,49.94,49.97,10100.0
2007-06-07,49.77,49.78,49.69,49.69,3800.0
2007-06-08,49.39,49.48,49.39,49.48,9600.0
2007-06-11,49.4,49.42,49.4,49.42,500.0
2007-06-12,49.28,49.31,49.28,49.3,11700.0
2007-06-13,49.15,49.23,49.14,49.23,1700.0
2007-06-14,49.25,49.29,49.25,49.29,4600.0
2007-06-15,49.46,49.53,49.46,49.52,9100.0
2007-06-18,49.64,49.65,49.59,49.65,2800.0
2007-06-19,49.7,49.71,49.69,49.71,6200.0
2007-06-20,49.73,49.73,49.67,49.67,5900.0
2007-06-21,49.6,49.61,49.6,49.61,4200.0
2007-06-22,49.77,49.87,49.77,49.86,5500.0
2007-06-25,49.89,49.91,49.82,49.88,9400.0
2007-06-26,49.88,49.92,49.87,49.92,15900.0
2007-06-27,49.79,49.84,49.79,49.83,6700.0
2007-06-28,49.92,49.92,49.8,49.81,10200.0
2007-06-29,50.12,50.17,50.06,50.17,14000.0
2007-07-02,50.51,50.56,50.5,50.51,3500.0
2007-07-03,50.45,50.48,50.44,50.48,2800.0
2007-07-05,50.5,50.5,50.43,50.47,3100.0
2007-07-06,50.58,50.58,50.55,50.55,500.0
2007-07-09,50.54,50.55,50.54,50.55,1500.0
2007-07-10,50.8,50.97,50.78,50.9,400.0
2007-07-11,51.06,51.09,51.06,51.07,1800.0
2007-07-12,51.12,51.16,51.11,51.14,1800.0
2007-07-13,51.23,51.23,51.13,51.15,2900.0
2007-07-16,51.15,51.16,51.12,51.13,700.0
2007-07-17,51.1,51.18,51.1,51.18,900.0
2007-07-18,51.14,51.32,51.14,51.29,2000.0
2007-07-19,51.32,51.32,51.24,51.24,6000.0
2007-07-20,51.25,51.38,51.25,51.32,3000.0
2007-07-23,51.31,51.31,51.24,51.24,2200.0
2007-07-24,51.38,51.38,51.33,51.37,1800.0
2007-07-25,51.05,51.05,50.94,50.94,1900.0
2007-07-26,50.97,51.16,50.2,50.2,3000.0
2007-07-27,50.56,50.78,50.56,50.78,15500.0
2007-07-30,50.83,50.88,50.83,50.88,4100.0
2007-07-31,50.97,50.97,50.84,50.84,3600.0
2007-08-01,50.95,50.95,50.76,50.76,300.0
2007-08-02,50.83,50.95,50.83,50.95,800.0
2007-08-03,51.05,51.34,51.05,51.34,1200.0
2007-08-06,51.37,51.37,51.26,51.3,2400.0
2007-08-07,51.27,51.27,51.1,51.1,2600.0
2007-08-08,51.39,51.39,51.37,51.37,300.0
2007-08-09,51.01,51.01,50.89,50.89,900.0
2007-08-10,50.93,50.93,50.86,50.89,800.0
2007-08-13,50.83,50.83,50.68,50.68,1600.0
2007-08-14,50.55,50.56,50.5,50.5,8500.0
2007-08-15,50.15,50.27,50.15,50.19,1000.0
2007-08-16,49.96,50.03,49.76,49.79,7100.0
2007-08-17,50.25,50.27,50.17,50.17,2300.0
2007-08-20,50.24,50.24,50.17,50.17,4100.0
2007-08-21,50.21,50.21,50.12,50.16,2900.0
2007-08-22,50.44,50.44,50.37,50.4,900.0
2007-08-23,50.53,50.53,50.5,50.5,900.0
2007-08-24,50.84,50.94,50.8,50.93,1100.0
2007-08-27,50.83,50.87,50.83,50.87,3900.0
2007-08-28,50.88,50.88,50.74,50.74,3200.0
2007-08-29,50.84,50.97,50.84,50.97,5400.0
2007-08-30,50.86,50.9,50.8,50.8,2300.0
2007-08-31,50.89,50.9,50.86,50.86,4900.0
2007-09-04,50.73,50.78,50.73,50.78,2500.0
2007-09-05,50.99,50.99,50.98,50.98,1200.0
2007-09-06,51.03,51.03,51.0,51.0,8700.0
2007-09-07,51.4,51.4,51.35,51.37,2900.0
2007-09-10,51.5,51.5,51.42,51.49,2200.0
2007-09-11,51.63,51.65,51.6,51.65,3400.0
2007-09-12,51.9,51.93,51.89,51.93,1100.0
2007-09-13,,,,51.93,0.0
2007-09-14,51.74,51.82,51.74,51.82,800.0
2007-09-17,51.84,51.84,51.76,51.78,1000.0
2007-09-18,51.87,52.1,51.87,52.1,1500.0
2007-09-19,52.18,52.18,52.1,52.18,5900.0
2007-09-20,52.46,52.66,52.46,52.6,10100.0
2007-09-21,52.52,52.67,52.52,52.66,8700.0
2007-09-24,52.7,52.7,52.63,52.67,4800.0
2007-09-25,52.74,52.92,52.74,52.92,2800.0
2007-09-26,52.83,52.86,52.77,52.86,1800.0
2007-09-27,53.01,53.01,52.88,52.91,11400.0
2007-09-28,53.12,53.33,53.12,53.33,2100.0
2007-10-01,53.21,53.28,53.2,53.24,7400.0
2007-10-02,52.98,52.99,52.9,52.96,14500.0
2007-10-03,53.06,53.06,52.78,52.78,12600.0
2007-10-04,52.76,52.91,52.76,52.89,4800.0
2007-10-05,52.82,52.94,52.82,52.86,29400.0
2007-10-08,52.67,52.68,52.57,52.62,23100.0
2007-10-09,52.61,52.77,52.61,52.63,85100.0
2007-10-10,52.93,53.06,52.93,53.06,120200.0
2007-10-11,53.26,53.31,53.2,53.2,30100.0
2007-10-12,53.09,53.12,53.0,53.02,53500.0
2007-10-15,53.21,53.26,53.13,53.26,114300.0
2007-10-16,53.2,53.21,52.86,52.98,106600.0
2007-10-17,53.22,53.58,53.05,53.4,221200.0
2007-10-18,53.54,53.75,53.48,53.75,114600.0
2007-10-19,53.39,53.59,53.39,53.59,31200.0
2007-10-22,53.12,53.15,52.98,53.11,11500.0
2007-10-23,53.4,53.46,53.4,53.46,5900.0
2007-10-24,53.32,53.51,53.29,53.51,13100.0
2007-10-25,53.74,53.74,53.64,53.73,4500.0
2007-10-26,53.9,54.0,53.86,54.0,27800.0
2007-10-29,53.96,54.14,53.96,54.13,3300.0
2007-10-30,54.06,54.2,54.04,54.2,16400.0
2007-10-31,54.21,54.43,54.21,54.43,7900.0
2007-11-01,54.09,54.29,54.09,54.25,4500.0
2007-11-02,54.34,54.7,54.29,54.7,3500.0
2007-11-05,54.32,54.36,54.19,54.35,5000.0
2007-11-06,54.65,54.74,54.63,54.74,20100.0
2007-11-07,55.15,55.2,55.01,55.01,9900.0
2007-11-08,55.09,55.29,55.09,55.23,30800.0
2007-11-09,55.16,55.19,54.96,55.18,46700.0
2007-11-12,54.59,54.65,54.43,54.51,15500.0
2007-11-13,54.77,54.87,54.77,54.86,13400.0
2007-11-14,55.2,55.24,55.05,55.05,16700.0
2007-11-15,54.91,54.91,54.85,54.86,4900.0
2007-11-16,55.08,55.09,54.88,55.09,6300.0
2007-11-19,55.08,55.13,55.05,55.12,3600.0
2007-11-20,55.26,55.73,55.26,55.72,11600.0
2007-11-21,55.75,55.8,55.71,55.8,2700.0
2007-11-23,55.72,55.72,55.72,55.72,1600.0
2007-11-26,55.82,55.93,55.8,55.93,3800.0
2007-11-27,55.91,55.95,55.61,55.79,5400.0
2007-11-28,55.42,55.76,55.39,55.75,7100.0
2007-11-29,55.33,55.52,55.33,55.49,5000.0
2007-11-30,55.45,55.45,55.15,55.18,13100.0
2007-12-03,55.2,55.2,55.06,55.18,13000.0
2007-12-04,55.47,55.54,55.41,55.46,3600.0
2007-12-05,55.28,55.28,54.91,54.91,16700.0
2007-12-06,55.06,55.09,55.06,55.09,1400.0
2007-12-07,55.04,55.1,55.04,55.1,700.0
2007-12-10,55.44,55.44,55.4,55.41,1200.0
2007-12-11,55.24,55.59,55.03,55.35,94200.0
2007-12-12,55.23,55.37,55.23,55.36,2300.0
2007-12-13,55.24,55.24,54.84,55.02,3200.0
2007-12-14,54.48,54.48,54.32,54.41,6100.0
2007-12-17,54.1,54.17,54.06,54.1,21400.0
2007-12-18,54.28,54.28,54.21,54.21,5100.0
2007-12-19,54.17,54.18,52.06,54.18,4600.0
2007-12-20,54.02,54.02,53.92,53.92,5900.0
2007-12-21,54.16,54.18,54.08,54.09,1000.0
2007-12-24,54.23,54.3,54.23,54.24,2500.0
2007-12-26,54.54,54.57,54.5,54.51,8000.0
2007-12-27,54.84,55.06,54.83,55.06,6400.0
2007-12-28,55.39,55.46,55.39,55.42,1400.0
2007-12-31,55.48,55.48,54.9,55.04,3400.0
2008-01-02,53.14,55.52,53.14,55.49,12800.0
2008-01-03,55.55,55.6,55.51,55.6,1400.0
2008-01-04,55.78,55.78,55.63,55.64,27800.0
2008-01-07,55.55,55.55,55.36,55.38,1700.0
2008-01-08,55.54,55.54,55.5,55.5,300.0
2008-01-09,55.41,55.41,55.31,55.34,1700.0
2008-01-10,55.39,55.86,55.39,55.82,1400.0
2008-01-11,55.82,55.82,55.72,55.73,1700.0
2008-01-14,56.27,56.27,56.11,56.2,2200.0
2008-01-15,56.37,56.37,55.98,56.02,1800.0
2008-01-16,55.75,56.54,55.12,55.33,17700.0
2008-01-17,55.36,55.36,55.34,55.34,1600.0
2008-01-18,55.23,55.62,55.18,55.2,900.0
2008-01-22,55.0,55.2,54.97,55.02,6200.0
2008-01-23,54.91,55.25,54.85,55.25,3000.0
2008-01-24,55.51,55.71,55.51,55.71,1900.0
2008-01-25,55.59,55.59,55.59,55.59,400.0
2008-01-28,55.6,55.6,55.6,55.6,200.0
2008-01-29,55.78,55.85,55.68,55.85,2100.0
2008-01-30,55.81,57.8,55.81,56.28,4500.0
2008-01-31,56.11,56.12,56.09,56.12,1200.0
2008-02-01,56.26,56.26,55.87,55.89,8400.0
2008-02-04,56.07,56.07,55.99,55.99,2100.0
2008-02-05,55.55,55.55,55.38,55.38,200.0
2008-02-06,55.38,55.46,55.34,55.35,5200.0
2008-02-07,54.95,54.95,54.65,54.66,4300.0
2008-02-08,54.8,54.86,54.8,54.84,1000.0
2008-02-11,54.83,54.86,54.57,54.68,102000.0
2008-02-12,55.17,55.2,54.85,54.85,22600.0
2008-02-13,,,,54.85,0.0
2008-02-14,55.14,55.44,55.14,55.43,11900.0
2008-02-15,55.54,55.54,55.44,55.44,30400.0
2008-02-19,55.7,55.75,55.68,55.69,4200.0
2008-02-20,55.41,55.41,55.24,55.29,98400.0
2008-02-21,55.65,56.06,55.65,56.0,2500.0
2008-02-22,56.11,56.11,55.93,55.93,9800.0
2008-02-25,56.23,56.23,56.23,56.23,200.0
2008-02-26,56.37,56.57,56.37,56.38,80500.0
2008-02-27,56.95,57.29,56.95,57.16,8300.0
2008-02-28,57.32,57.63,57.29,57.35,63800.0
2008-02-29,57.47,57.5,57.31,57.46,31600.0
2008-03-03,57.62,57.63,57.45,57.56,5300.0
2008-03-04,57.52,57.84,57.52,57.73,2200.0
2008-03-05,57.73,57.91,57.73,57.88,800.0
2008-03-06,58.22,58.36,58.1,58.36,5100.0
2008-03-07,58.46,58.46,58.18,58.25,12800.0
2008-03-10,58.25,58.32,58.11,58.32,7400.0
2008-03-11,58.47,58.47,58.03,58.22,8700.0
2008-03-12,59.65,59.65,58.72,59.05,5700.0
2008-03-13,59.3,59.38,59.02,59.12,18100.0
2008-03-14,59.29,59.46,59.16,59.23,23100.0
2008-03-17,60.21,63.41,59.12,59.91,23600.0
2008-03-18,60.09,61.1,59.5,59.5,32000.0
2008-03-19,59.8,59.8,59.24,59.34,10100.0
2008-03-20,58.7,58.7,57.68,58.46,20100.0
2008-03-24,58.69,58.69,58.38,58.56,16500.0
2008-03-25,59.1,59.36,59.1,59.36,1300.0
2008-03-26,59.79,60.0,59.79,59.99,12000.0
2008-03-27,60.03,60.2,59.85,59.89,3200.0
2008-03-28,59.96,60.03,59.83,59.93,4200.0
2008-03-31,60.05,60.5,59.18,59.18,6400.0
2008-04-01,59.35,59.43,59.27,59.36,7300.0
2008-04-02,59.41,59.76,59.4,59.65,33000.0
2008-04-03,59.41,59.64,59.33,59.64,2400.0
2008-04-04,59.88,59.92,59.88,59.91,1000.0
2008-04-07,59.84,59.87,59.75,59.76,8200.0
2008-04-08,59.86,60.5,59.72,59.72,39900.0
2008-04-09,59.97,60.33,59.96,60.32,5300.0
2008-04-10,60.17,60.2,59.85,60.01,3300.0
2008-04-11,60.18,60.3,60.17,60.21,4300.0
2008-04-14,60.21,60.4,60.06,60.07,19600.0
2008-04-15,60.18,60.18,59.96,60.04,2400.0
2008-04-16,60.63,60.86,60.63,60.82,6700.0
2008-04-17,60.64,60.65,60.46,60.5,5400.0
2008-04-18,60.04,60.19,59.68,60.17,6700.0
2008-04-21,60.61,60.71,60.57,60.67,2100.0
2008-04-22,60.56,60.99,60.56,60.96,2400.0
2008-04-23,60.62,60.68,60.51,60.65,6600.0
2008-04-24,59.75,59.93,59.59,59.64,25800.0
2008-04-25,59.44,59.61,58.0,59.4,17200.0
2008-04-28,59.44,59.55,59.09,59.43,45900.0
2008-04-29,59.25,59.41,59.23,59.24,6100.0
2008-04-30,59.32,59.55,59.28,59.48,3400.0
2008-05-01,58.91,58.98,58.91,58.95,3600.0
2008-05-02,58.7,58.7,58.55,58.55,730500.0
2008-05-05,58.95,59.08,58.75,58.98,20200.0
2008-05-06,59.24,59.31,57.08,59.18,2500.0
2008-05-07,58.66,58.75,58.66,58.75,3100.0
2008-05-08,58.7,58.77,58.7,58.76,4400.0
2008-05-09,58.93,59.04,58.85,59.0,16500.0
2008-05-12,58.93,59.29,58.9,59.22,2100.0
2008-05-13,58.89,59.14,58.89,58.99,1200.0
2008-05-14,58.95,58.98,58.74,58.74,1000.0
2008-05-15,59.24,59.24,58.97,59.02,2400.0
2008-05-16,59.15,59.48,59.15,59.48,800.0
2008-05-19,59.51,59.51,59.24,59.24,1300.0
2008-05-20,59.83,59.87,59.74,59.8,1700.0
2008-05-21,60.09,60.29,60.09,60.29,12200.0
2008-05-22,60.11,60.11,59.98,60.01,3700.0
2008-05-23,60.18,60.66,60.18,60.29,1200.0
2008-05-27,59.99,59.99,59.99,59.99,300.0
2008-05-28,59.75,59.82,58.96,59.78,5500.0
2008-05-29,59.3,59.3,59.16,59.17,700.0
2008-05-30,59.25,59.42,59.25,59.42,700.0
2008-06-02,59.17,59.42,59.17,59.34,800.0
2008-06-03,59.0,59.07,58.91,58.92,118200.0
2008-06-04,58.93,58.96,58.93,58.96,3500.0
2008-06-05,59.34,59.49,59.34,59.4,14800.0
2008-06-06,59.88,59.88,59.88,59.88,100.0
2008-06-09,59.67,59.67,59.67,59.67,1600.0
2008-06-10,59.09,59.09,59.0,59.0,300.0
2008-06-11,59.32,59.36,59.3,59.32,14300.0
2008-06-12,58.83,58.83,58.68,58.69,5800.0
2008-06-13,58.34,58.57,58.34,58.42,2500.0
2008-06-16,59.0,59.0,57.64,58.93,1700.0
2008-06-17,58.94,59.11,58.85,59.09,3300.0
2008-06-18,58.96,59.07,58.96,59.07,200.0
2008-06-19,59.02,59.09,58.96,59.09,1500.0
2008-06-20,59.55,59.64,59.54,59.6,2200.0
2008-06-23,59.13,59.16,59.09,59.09,400.0
2008-06-24,59.24,59.46,59.24,59.31,4900.0
2008-06-25,59.2,59.86,59.2,59.85,1600.0
2008-06-26,60.02,60.09,60.01,60.05,2000.0
2008-06-27,60.1,60.29,60.1,60.15,2400.0
2008-06-30,60.12,60.13,60.12,60.13,300.0
2008-07-01,60.16,60.42,60.16,60.16,4000.0
2008-07-02,60.62,60.94,60.59,60.94,13300.0
2008-07-03,60.49,60.49,60.22,60.26,2100.0
2008-07-07,60.06,60.47,59.95,60.47,15500.0
2008-07-08,60.3,60.3,60.01,60.02,1700.0
2008-07-09,60.32,60.54,60.32,60.5,6800.0
2008-07-10,60.43,60.58,60.43,60.58,300.0
2008-07-11,61.07,61.1,61.0,61.08,2600.0
2008-07-14,61.0,61.21,61.0,61.07,1000.0
2008-07-15,61.31,61.63,61.07,61.07,22300.0
2008-07-16,61.13,61.15,60.87,60.88,7600.0
2008-07-17,60.77,60.77,60.77,60.77,100.0
2008-07-18,60.77,60.9,60.77,60.9,1400.0
2008-07-21,60.91,61.12,60.84,61.12,6400.0
2008-07-22,60.79,60.79,60.61,60.61,200.0
2008-07-23,60.33,60.34,60.29,60.29,500.0
2008-07-24,60.13,60.13,60.13,60.13,1900.0
2008-07-25,60.38,60.38,60.24,60.24,1200.0
2008-07-28,60.5,60.57,60.5,60.56,1400.0
2008-07-29,60.26,60.27,59.85,59.85,1000.0
2008-07-30,59.76,59.76,59.74,59.74,1100.0
2008-07-31,59.95,59.96,59.87,59.87,9900.0
2008-08-01,59.66,59.88,59.66,59.88,400.0
2008-08-04,59.98,60.06,59.82,59.82,3000.0
2008-08-05,59.42,59.44,59.42,59.44,1100.0
2008-08-06,59.43,59.43,59.28,59.28,6500.0
2008-08-07,59.1,59.1,58.87,58.9,1400.0
2008-08-08,57.85,57.89,57.61,57.61,12200.0
2008-08-11,57.65,57.65,57.23,57.33,3700.0
2008-08-12,57.32,57.32,57.19,57.19,1800.0
2008-08-13,57.35,57.35,57.35,57.35,100.0
2008-08-14,57.23,57.26,56.91,56.93,1000.0
2008-08-15,56.62,56.62,56.14,56.37,6300.0
2008-08-18,56.69,56.69,56.69,56.69,1000.0
2008-08-19,56.46,56.84,56.46,56.82,3300.0
2008-08-20,56.85,56.85,56.48,56.7,1800.0
2008-08-21,57.29,57.29,57.29,57.29,1000.0
2008-08-22,57.14,57.14,56.83,56.85,2100.0
2008-08-25,56.95,56.95,56.79,56.79,400.0
2008-08-26,56.29,56.4,56.29,56.34,1800.0
2008-08-27,56.66,56.66,56.58,56.58,200.0
2008-08-28,56.58,56.6,56.51,56.59,600.0
2008-08-29,56.45,56.45,56.45,56.45,100.0
2008-09-02,55.95,55.95,55.91,55.92,2500.0
2008-09-03,55.7,55.85,55.7,55.85,200.0
2008-09-04,55.73,55.74,55.22,55.24,3400.0
2008-09-05,55.0,55.0,54.84,54.93,400.0
2008-09-08,56.01,56.01,51.94,54.25,8900.0
2008-09-09,54.28,54.71,54.28,54.61,4700.0
2008-09-10,54.41,54.41,54.03,54.03,1100.0
2008-09-11,53.54,53.74,53.53,53.7,8400.0
2008-09-12,54.43,54.75,54.38,54.75,3800.0
2008-09-15,54.65,55.22,54.65,55.22,700.0
2008-09-16,54.57,54.72,54.42,54.42,1800.0
2008-09-17,54.59,54.7,53.3,53.4,4900.0
2008-09-18,54.71,55.75,54.71,55.71,21400.0
2008-09-19,55.74,55.9,55.5,55.9,2000.0
2008-09-22,56.67,57.54,56.63,57.54,7200.0
2008-09-23,57.12,57.14,56.8,56.88,4200.0
2008-09-24,57.23,57.23,56.73,56.76,4900.0
2008-09-25,56.93,56.95,56.46,56.58,45000.0
2008-09-26,56.38,56.6,55.7,56.45,12800.0
2008-09-29,55.89,55.91,55.55,55.91,16500.0
2008-09-30,54.45,54.45,54.12,54.22,8000.0
2008-10-01,53.84,54.21,53.84,54.1,17300.0
2008-10-02,53.39,53.77,53.39,53.63,3900.0
2008-10-03,53.73,53.84,53.73,53.84,1100.0
2008-10-06,52.71,52.71,52.05,52.18,4700.0
2008-10-07,52.87,53.07,51.78,52.61,3600.0
2008-10-08,52.76,52.85,52.76,52.85,400.0
2008-10-09,52.76,52.78,51.61,52.5,2700.0
2008-10-10,52.22,52.5,50.63,51.61,9800.0
2008-10-13,52.51,52.51,52.09,52.33,2200.0
2008-10-14,52.87,52.87,52.63,52.75,2200.0
2008-10-15,52.32,52.38,52.06,52.06,1500.0
2008-10-16,51.93,51.93,51.93,51.93,600.0
2008-10-17,51.81,51.89,51.81,51.89,200.0
2008-10-20,51.3,51.39,50.36,51.38,6700.0
2008-10-21,50.83,50.83,49.57,50.43,3100.0
2008-10-22,49.76,49.76,48.63,49.52,2300.0
2008-10-23,49.52,49.52,49.52,49.52,400.0
2008-10-24,48.69,49.0,48.66,48.7,2100.0
2008-10-27,48.0,48.44,48.0,48.4,1000.0
2008-10-28,48.25,48.84,48.25,48.74,1800.0
2008-10-29,49.81,51.6,49.81,51.6,600.0
2008-10-30,49.6,49.83,49.6,49.83,300.0
2008-10-31,49.2,49.2,49.2,49.2,600.0
2008-11-03,49.05,61.59,48.66,48.89,8700.0
2008-11-04,49.65,50.47,48.95,50.21,12500.0
2008-11-05,50.01,50.09,50.01,50.09,800.0
2008-11-06,49.61,49.61,49.26,49.34,4300.0
2008-11-07,49.35,49.64,48.39,49.35,2600.0
2008-11-10,49.62,51.22,49.46,49.46,2709.0
2008-11-11,48.75,48.75,48.75,48.75,209.0
2008-11-12,48.55,48.75,48.36,48.36,4050.0
2008-11-13,48.45,48.45,48.45,48.45,100.0
2008-11-14,49.16,49.16,49.16,49.16,100.0
2008-11-17,49.08,49.31,48.93,49.22,1300.0
2008-11-18,48.9,48.9,48.9,48.9,200.0
2008-11-19,48.76,48.8,48.7,48.8,600.0
2008-11-20,48.68,48.78,48.68,48.78,1323.0
2008-11-21,48.84,48.84,48.5,48.5,1025.0
2008-11-24,49.52,49.99,49.52,49.96,4120.0
2008-11-25,50.61,53.96,50.61,50.76,2600.0
2008-11-26,50.32,50.32,49.0,50.09,9722.0
2008-11-27,,,,50.09,0.0
2008-11-28,,,,50.09,0.0
2008-12-01,48.95,49.05,48.95,49.05,1220.0
2008-12-02,,,,49.05,0.0
2008-12-03,49.32,49.32,49.32,49.32,300.0
2008-12-04,49.81,49.81,49.63,49.63,700.0
2008-12-05,49.18,49.18,49.18,49.18,923.0
2008-12-08,50.15,50.3,50.11,50.22,3100.0
2008-12-09,50.39,50.39,50.39,50.39,100.0
2008-12-10,50.44,50.71,50.44,50.7,1400.0
2008-12-11,51.77,51.77,51.75,51.75,400.0
2008-12-12,51.93,52.01,51.93,52.0,740.0
2008-12-15,52.96,54.91,50.18,53.42,4974.0
2008-12-16,53.48,55.01,53.1,55.01,4405.0
2008-12-17,55.17,56.5,55.17,55.86,3850.0
2008-12-18,56.55,56.55,55.43,55.45,2948.0
2008-12-19,54.5,54.65,54.21,54.26,6028.0
2008-12-22,54.71,54.89,54.58,54.89,3442.0
2008-12-23,54.7,54.71,54.4,54.41,3514.0
2008-12-24,52.58,54.46,52.58,54.3,5735.0
2008-12-25,,,,54.3,0.0
2008-12-26,54.7,54.7,54.7,54.7,400.0
2008-12-29,55.47,55.47,54.8,54.8,2977.0
2008-12-30,55.04,55.04,55.02,55.04,1300.0
2008-12-31,59.33,59.35,54.02,54.23,16008.0
2009-01-01,,,,54.23,0.0
2009-01-02,54.06,54.15,53.73,53.73,1200.0
2009-01-05,52.8,52.82,52.69,52.69,455.0
2009-01-06,52.13,52.45,52.02,52.27,2211.0
2009-01-07,,,,52.27,0.0
2009-01-08,53.42,53.42,53.42,53.42,100.0
2009-01-09,52.68,52.68,52.15,52.15,1210.0
2009-01-12,,,,52.15,0.0
2009-01-13,51.44,51.44,51.19,51.19,2383.0
2009-01-14,,,,51.19,0.0
2009-01-15,50.75,51.08,50.75,51.08,1327.0
2009-01-16,51.7,51.7,51.69,51.69,472.0
2009-01-20,50.23,50.31,49.99,50.01,2778.0
2009-01-21,50.11,50.11,50.11,50.11,200.0
2009-01-22,50.4,50.4,50.4,50.4,100.0
2009-01-23,50.01,50.51,49.83,50.51,2200.0
2009-01-26,51.19,51.19,51.19,51.19,388.0
2009-01-27,51.24,51.24,51.24,51.24,200.0
2009-01-28,,,,51.24,0.0
2009-01-29,50.69,50.69,50.49,50.49,1500.0
2009-01-30,50.11,50.11,49.85,49.85,620.0
2009-02-02,49.66,50.06,49.66,49.91,5892.0
2009-02-03,50.31,50.31,50.31,50.31,260.0
2009-02-04,50.05,50.12,50.05,50.12,3883.0
2009-02-05,49.75,49.75,49.75,49.75,100.0
2009-02-06,50.08,50.46,50.08,50.33,1659.0
2009-02-09,,,,50.33,0.0
2009-02-10,50.44,50.58,50.22,50.23,2025.0
2009-02-11,50.25,50.25,50.25,50.25,200.0
2009-02-12,,,,50.25,0.0
2009-02-13,50.12,50.2,50.11,50.2,1400.0
2009-02-17,48.97,48.98,48.97,48.98,1045.0
2009-02-18,48.81,48.81,48.81,48.81,850.0
2009-02-19,49.51,49.51,49.3,49.42,2200.0
2009-02-20,49.09,49.95,49.08,49.95,4906.0
2009-02-23,49.27,49.77,49.27,49.57,1886.0
2009-02-24,49.57,50.0,49.56,50.0,2200.0
2009-02-25,,,,50.0,0.0
2009-02-26,49.73,49.73,49.55,49.65,1374.0
2009-02-27,49.19,49.45,49.19,49.44,1600.0
2009-03-02,49.05,49.05,48.89,48.91,716.0
2009-03-03,49.11,49.11,48.87,48.9,1000.0
2009-03-04,49.04,49.18,49.04,49.18,600.0
2009-03-05,48.66,48.88,44.8,44.8,900.0
2009-03-06,49.15,49.4,49.06,49.06,1317.0
2009-03-09,48.52,48.65,48.52,48.57,450.0
2009-03-10,,,,48.57,0.0
2009-03-11,,,,48.57,0.0
2009-03-12,49.74,50.03,49.71,50.03,1100.0
2009-03-13,50.17,50.37,50.15,50.37,1300.0
2009-03-16,50.65,50.67,50.57,50.57,2290.0
2009-03-17,51.01,51.01,50.69,50.81,1080.0
2009-03-18,52.42,52.62,50.6,52.62,1400.0
2009-03-19,53.26,53.54,53.26,53.38,3657.0
2009-03-20,,,,53.38,0.0
2009-03-23,52.82,53.22,49.05,53.2,2588.0
2009-03-24,,,,53.2,0.0
2009-03-25,52.57,52.89,52.57,52.89,500.0
2009-03-26,53.04,53.04,52.63,52.63,1398.0
2009-03-27,51.84,51.86,51.82,51.82,851.0
2009-03-30,51.17,60.2,51.17,51.36,2694.0
2009-03-31,51.82,51.82,51.82,51.82,400.0
2009-04-01,51.57,51.57,51.57,51.57,405.0
2009-04-02,,,,51.57,0.0
2009-04-03,52.49,52.49,52.49,52.49,290.0
2009-04-06,52.28,52.28,52.2,52.22,1400.0
2009-04-07,,,,52.22,0.0
2009-04-08,,,,52.22,0.0
2009-04-09,,,,52.22,0.0
2009-04-10,,,,52.22,0.0
2009-04-13,,,,52.22,0.0
2009-04-14,,,,52.22,0.0
2009-04-15,,,,52.22,0.0
2009-04-16,,,,52.22,0.0
2009-04-17,50.86,50.95,50.8,50.8,1880.0
2009-04-20,50.5,50.5,50.38,50.38,200.0
2009-04-21,50.47,50.47,50.47,50.47,1000.0
2009-04-22,,,,50.47,0.0
2009-04-23,,,,50.47,0.0
2009-04-24,,,,50.47,0.0
2009-04-27,,,,50.47,0.0
2009-04-28,50.92,51.11,50.92,51.11,400.0
2009-04-29,51.96,51.96,51.96,51.96,1000.0
2009-04-30,,,,51.96,0.0
2009-05-01,,,,51.96,0.0
2009-05-04,51.99,52.06,51.99,52.06,600.0
2009-05-05,52.27,52.27,52.27,52.27,200.0
2009-05-06,52.13,52.13,51.83,51.83,660.0
2009-05-07,,,,51.83,0.0
2009-05-08,52.68,53.06,52.68,53.06,1700.0
2009-05-11,53.09,53.09,53.07,53.07,400.0
2009-05-12,53.19,53.24,53.19,53.24,1600.0
2009-05-13,53.04,53.04,52.94,52.94,2890.0
2009-05-14,,,,52.94,0.0
2009-05-15,52.49,52.51,52.48,52.48,1800.0
2009-05-18,52.72,52.72,52.72,52.72,230.0
2009-05-19,53.05,53.14,52.9,53.12,2751.0
2009-05-20,53.69,53.69,53.69,53.69,100.0
2009-05-21,,,,53.69,0.0
2009-05-22,54.49,54.72,54.49,54.71,2830.0
2009-05-25,,,,54.71,0.0
2009-05-26,54.26,54.64,54.26,54.64,2217.0
2009-05-27,54.55,56.06,54.28,54.43,500.0
2009-05-28,54.5,54.5,54.4,54.4,200.0
2009-05-29,54.97,55.1,54.97,55.1,1983.0
2009-06-01,55.41,55.42,55.2,55.41,1326.0
2009-06-02,55.89,55.89,55.89,55.89,100.0
2009-06-03,55.41,55.41,55.3,55.3,420.0
2009-06-04,55.05,55.39,55.05,55.38,2300.0
2009-06-05,54.86,54.86,54.5,54.5,200.0
2009-06-08,54.22,54.26,54.0,54.22,1550.0
2009-06-09,54.64,54.64,54.64,54.64,600.0
2009-06-10,,,,54.64,0.0
2009-06-11,,,,54.64,0.0
2009-06-12,54.5,54.68,54.5,54.68,4475.0
2009-06-15,54.19,54.19,53.75,53.75,300.0
2009-06-16,54.08,54.09,53.99,53.99,2600.0
2009-06-17,54.22,54.47,54.22,54.47,200.0
2009-06-18,54.49,54.49,54.15,54.15,2605.0
2009-06-19,54.4,58.52,54.4,54.59,4209.0
2009-06-22,54.21,54.21,54.21,54.21,100.0
2009-06-23,54.55,54.55,54.55,54.55,100.0
2009-06-24,,,,54.55,0.0
2009-06-25,54.51,54.51,54.51,54.51,375.0
2009-06-26,54.94,54.94,54.93,54.93,1005.0
2009-06-29,54.86,56.05,54.84,55.16,4528.0
2009-06-30,,,,55.16,0.0
2009-07-01,,,,55.16,0.0
2009-07-02,,,,55.16,0.0
2009-07-03,,,,55.16,0.0
2009-07-06,54.52,54.52,54.52,54.52,240.0
2009-07-07,54.6,54.65,54.47,54.47,2480.0
2009-07-08,,,,54.47,0.0
2009-07-09,54.41,54.41,54.41,54.41,914.0
2009-07-10,54.38,55.32,54.38,55.32,3242.0
2009-07-13,,,,55.32,0.0
2009-07-14,,,,55.32,0.0
2009-07-15,54.93,55.06,54.93,55.06,1237.0
2009-07-16,,,,55.06,0.0
2009-07-17,55.15,55.15,55.07,55.07,275.0
2009-07-20,,,,55.07,0.0
2009-07-21,,,,55.07,0.0
2009-07-22,55.51,55.57,55.51,55.53,2497.0
2009-07-23,55.47,55.48,55.44,55.44,678.0
2009-07-24,55.44,55.44,55.44,55.44,165.0
2009-07-27,,,,55.44,0.0
2009-07-28,55.3,55.3,55.3,55.3,100.0
2009-07-29,54.99,54.99,54.99,54.99,200.0
2009-07-30,,,,54.99,0.0
2009-07-31,,,,54.99,0.0
2009-08-03,56.2,56.2,56.18,56.18,2100.0
2009-08-04,56.18,56.18,56.12,56.12,500.0
2009-08-05,56.34,56.34,56.34,56.34,100.0
2009-08-06,,,,56.34,0.0
2009-08-07,55.32,55.35,55.29,55.29,1960.0
2009-08-10,55.31,55.31,55.31,55.31,300.0
2009-08-12,,,,55.2,0.0
2009-08-13,55.76,55.78,55.71,55.78,2100.0
2009-08-14,55.19,55.19,55.19,55.19,200.0
2009-08-17,54.76,54.78,54.76,54.78,500.0
2009-08-18,54.86,55.19,54.75,55.06,15600.0
2009-08-19,55.26,55.58,55.26,55.55,2949.0
2009-08-20,,,,55.55,0.0
2009-08-21,55.56,56.07,55.56,55.96,3003.0
2009-08-24,55.86,55.86,55.73,55.73,370.0
2009-08-25,,,,55.73,0.0
2009-08-26,55.44,55.44,55.44,55.44,100.0
2009-08-27,55.51,55.51,55.51,55.51,200.0
2009-08-28,,,,55.51,0.0
2009-08-31,,,,55.51,0.0
2009-09-01,55.31,55.4,55.31,55.4,467.0
2009-09-02,,,,55.4,0.0
2009-09-03,,,,55.4,0.0
2009-09-04,55.36,55.36,55.36,55.36,100.0
2009-09-08,56.36,56.36,56.36,56.36,1500.0
2009-09-09,56.87,56.87,56.72,56.72,200.0
2009-09-10,56.81,56.83,56.81,56.83,215.0
2009-09-11,56.9,56.93,56.89,56.93,400.0
2009-09-14,,,,56.93,0.0
2009-09-15,57.25,57.25,57.25,57.25,720.0
2009-09-16,57.21,57.36,57.21,57.36,645.0
2009-09-17,57.41,57.41,57.41,57.41,381.0
2009-09-18,57.47,57.47,57.44,57.46,400.0
2009-09-21,57.19,57.34,57.19,57.34,806.0
2009-09-22,,,,57.34,0.0
2009-09-23,,,,57.34,0.0
2009-09-24,57.45,57.45,57.07,57.22,660.0
2009-09-25,57.32,57.32,57.27,57.27,350.0
2009-09-28,57.14,57.14,57.05,57.05,529.0
2009-09-29,,,,57.05,0.0
2009-09-30,,,,57.05,0.0
2009-10-01,56.69,56.69,56.66,56.66,450.0
2009-10-02,56.85,56.92,56.85,56.92,400.0
2009-10-05,57.06,57.06,57.06,57.06,450.0
2009-10-06,57.47,57.47,57.44,57.44,1291.0
2009-10-07,57.23,57.34,57.16,57.23,1825.0
2009-10-08,57.52,57.82,57.51,57.59,807.0
2009-10-09,57.42,57.42,57.28,57.37,405.0
2009-10-12,57.68,57.76,57.68,57.68,2353.0
2009-10-13,57.84,57.9,57.68,57.88,1418.0
2009-10-14,58.17,59.0,58.07,58.09,5639.0
2009-10-15,58.35,58.35,58.11,58.23,2079.0
2009-10-16,57.96,58.18,57.96,58.18,2030.0
2009-10-19,58.14,58.33,58.14,58.33,465.0
2009-10-20,58.4,58.4,58.21,58.21,200.0
2009-10-21,58.42,58.66,58.42,58.54,1515.0
2009-10-22,58.52,58.52,58.52,58.52,100.0
2009-10-23,58.62,58.62,58.57,58.57,1004.0
2009-10-26,58.36,58.36,57.98,57.98,240.0
2009-10-27,57.67,57.9,57.67,57.9,444.0
2009-10-28,57.68,57.68,57.33,57.4,2375.0
2009-10-29,,,,57.4,0.0
2009-10-30,57.5,57.52,57.5,57.52,450.0
2009-11-02,57.58,57.79,56.82,57.64,775.0
2009-11-03,57.19,57.19,57.11,57.11,3536.0
2009-11-04,57.79,57.79,57.79,57.79,964.0
2009-11-05,57.95,57.95,57.95,57.95,137.0
2009-11-06,,,,57.95,0.0
2009-11-09,58.48,58.57,58.48,58.55,1800.0
2009-11-10,58.4,58.4,58.16,58.16,1870.0
2009-11-11,58.68,58.68,58.36,58.48,624.0
2009-11-12,58.15,58.15,57.83,57.83,1000.0
2009-11-13,58.21,58.25,58.21,58.25,1009.0
2009-11-16,58.37,58.47,58.27,58.47,1700.0
2009-11-17,57.99,57.99,57.99,57.99,135.0
2009-11-18,58.4,58.41,58.31,58.31,1590.0
2009-11-19,58.1,58.1,58.1,58.1,2200.0
2009-11-20,58.0,58.0,57.97,57.97,500.0
2009-11-23,58.42,58.47,58.33,58.33,2735.0
2009-11-24,58.17,58.48,58.17,58.48,1415.0
2009-11-25,58.69,59.11,58.69,59.11,2400.0
2009-11-26,,,,59.11,0.0
2009-11-27,,,,59.11,0.0
2009-11-30,,,,59.11,0.0
2009-12-01,58.91,58.91,58.87,58.87,794.0
2009-12-02,58.62,58.63,58.62,58.63,200.0
2009-12-03,58.84,58.9,58.82,58.9,535.0
2009-12-04,58.08,58.08,57.84,57.84,950.0
2009-12-07,57.64,57.93,57.64,57.93,300.0
2009-12-08,57.32,57.35,57.23,57.35,700.0
2009-12-09,57.18,57.18,57.18,57.18,200.0
2009-12-10,57.43,57.43,57.43,57.43,725.0
2009-12-11,57.18,57.18,56.91,56.91,858.0
2009-12-14,,,,56.91,0.0
2009-12-15,56.78,56.78,56.69,56.69,980.0
2009-12-16,56.51,56.51,56.51,56.51,100.0
2009-12-17,55.99,55.99,55.99,55.99,400.0
2009-12-18,55.79,55.79,55.79,55.79,100.0
2009-12-21,55.78,55.78,54.95,55.68,4405.0
2009-12-22,55.64,55.64,55.63,55.63,600.0
2009-12-23,54.72,55.88,54.72,55.88,420.0
2009-12-24,55.89,55.97,55.89,55.97,800.0
2009-12-25,,,,55.97,0.0
2009-12-28,,,,55.97,0.0
2009-12-29,56.18,56.23,55.69,55.88,3285.0
2009-12-30,,,,55.88,0.0
2009-12-31,,,,55.97,0.0
2010-01-01,,,,55.97,0.0
2010-01-04,56.14,56.14,56.14,56.14,400.0
2010-01-05,55.93,55.93,55.93,55.93,900.0
2010-01-06,55.93,56.09,55.93,56.09,300.0
2010-01-07,55.76,55.82,55.76,55.82,215.0
2010-01-08,55.07,56.08,55.07,56.08,333.0
2010-01-11,59.98,59.98,56.62,56.68,500.0
2010-01-12,,,,56.4,0.0
2010-01-13,,,,56.4,0.0
2010-01-14,56.55,56.55,56.55,56.55,175.0
2010-01-15,,,,55.94,0.0
2010-01-18,,,,55.94,0.0
2010-01-19,,,,55.61,0.0
2010-01-20,,,,55.61,0.0
2010-01-21,54.87,54.92,54.87,54.92,1225.0
2010-01-22,55.0,55.02,54.99,55.02,1400.0
2010-01-25,55.07,55.1,54.25,55.1,5794.0
2010-01-26,54.84,54.84,54.84,54.84,700.0
2010-01-27,54.76,56.62,53.69,54.63,700.0
2010-01-28,,,,54.23,0.0
2010-01-29,,,,54.23,0.0
2010-02-01,54.22,54.27,54.13,54.26,757.0
2010-02-02,54.44,54.44,54.44,54.44,436.0
2010-02-03,54.23,54.38,54.23,54.38,1835.0
2010-02-04,53.9,53.93,53.85,53.85,825.0
2010-02-05,53.04,53.13,52.87,53.13,1425.0
2010-02-08,53.21,53.33,53.21,53.33,200.0
2010-02-09,,,,53.85,0.0
2010-02-10,,,,53.85,0.0
2010-02-11,53.15,53.15,53.04,53.04,550.0
2010-02-12,,,,53.03,0.0
2010-02-15,,,,53.03,0.0
2010-02-16,52.99,53.58,52.99,53.58,3144.0
2010-02-17,53.41,53.41,52.75,52.75,920.0
2010-02-18,53.02,53.02,53.02,53.02,350.0
2010-02-19,52.57,52.6,52.57,52.6,512.0
2010-02-22,52.91,52.91,52.91,52.91,300.0
2010-02-23,52.76,52.76,52.76,52.76,100.0
2010-02-24,52.83,52.83,52.83,52.83,100.0
2010-02-25,52.65,52.65,52.65,52.65,500.0
2010-02-26,52.97,52.97,52.97,52.97,100.0
2010-03-01,52.72,52.74,52.5,52.74,2206.0
2010-03-02,52.72,53.14,52.72,53.03,2377.0
2010-03-03,53.05,53.05,53.05,53.05,400.0
2010-03-04,52.94,53.03,52.94,53.03,1120.0
2010-03-05,52.87,52.87,52.87,52.87,100.0
2010-03-08,53.22,53.22,53.22,53.22,429.0
2010-03-09,,,,52.79,0.0
2010-03-10,,,,52.79,0.0
2010-03-11,,,,52.79,0.0
2010-03-12,53.55,53.55,53.55,53.55,123.0
2010-03-15,,,,53.14,0.0
2010-03-16,,,,53.14,0.0
2010-03-17,,,,53.14,0.0
2010-03-18,53.45,53.45,53.45,53.45,150.0
2010-03-19,52.89,52.89,52.89,52.89,100.0
2010-03-22,,,,52.0,0.0
2010-03-23,,,,52.0,0.0
2010-03-24,52.03,52.05,52.03,52.05,500.0
2010-03-25,51.89,52.15,51.89,52.15,2160.0
2010-03-26,52.17,52.17,52.17,52.17,200.0
2010-03-29,52.55,52.74,52.55,52.74,1400.0
2010-03-30,,,,52.31,0.0
2010-03-31,,,,52.31,0.0
2010-04-01,,,,52.31,0.0
2010-04-02,,,,52.31,0.0
2010-04-05,,,,52.59,0.0
2010-04-06,,,,52.59,0.0
2010-04-07,52.04,52.04,52.04,52.04,200.0
2010-04-08,51.99,51.99,51.99,51.99,193.0
2010-04-09,52.48,52.48,52.34,52.34,1130.0
2010-04-12,52.9,52.9,52.77,52.77,1000.0
2010-04-13,52.81,52.9,52.8,52.9,1095.0
2010-04-14,,,,53.19,0.0
2010-04-15,,,,53.19,0.0
2010-04-16,,,,53.19,0.0
2010-04-19,,,,52.45,0.0
2010-04-20,,,,52.45,0.0
2010-04-21,,,,52.45,0.0
2010-04-22,51.97,51.97,51.86,51.86,1100.0
2010-04-23,,,,52.18,0.0
2010-04-26,,,,52.18,0.0
2010-04-27,51.85,52.31,51.64,51.67,9274.0
2010-04-28,51.74,51.74,51.74,51.74,100.0
2010-04-29,51.74,51.75,51.71,51.71,402.0
2010-04-30,52.08,52.09,51.91,52.02,600.0
2010-05-03,51.52,51.58,51.52,51.57,1035.0
2010-05-04,50.88,50.96,50.86,50.96,1800.0
2010-05-05,50.29,50.29,50.24,50.24,1152.0
2010-05-06,49.71,49.71,46.19,49.29,4504.0
2010-05-07,49.56,49.8,49.42,49.65,1860.0
2010-05-10,49.44,50.42,49.44,50.0,800.0
2010-05-11,49.51,49.59,49.45,49.53,2810.0
2010-05-12,49.43,49.43,49.4,49.4,600.0
2010-05-13,48.91,49.04,48.84,48.86,1275.0
2010-05-14,48.65,48.75,48.24,48.33,913.0
2010-05-17,48.38,48.53,47.98,48.41,2770.0
2010-05-18,48.46,48.52,47.66,47.71,2031.0
2010-05-19,47.95,48.34,47.95,48.34,1810.0
2010-05-20,48.33,49.04,48.11,48.85,2890.0
2010-05-21,48.92,49.12,48.92,49.09,810.0
2010-05-24,48.41,48.41,48.29,48.36,600.0
2010-05-25,47.63,48.07,47.63,48.07,1098.0
2010-05-26,47.83,47.83,47.68,47.68,739.0
2010-05-27,,,,48.22,0.0
2010-05-28,,,,48.22,0.0
2010-05-31,,,,48.22,0.0
2010-06-01,47.93,47.94,47.93,47.94,200.0
2010-06-02,47.81,47.81,47.81,47.81,211.0
2010-06-03,47.88,47.88,47.4,47.4,2416.0
2010-06-04,47.0,47.04,46.75,46.8,5700.0
2010-06-07,46.66,47.07,46.66,46.7,3720.0
2010-06-08,,,,46.75,0.0
2010-06-09,,,,46.75,0.0
2010-06-10,47.25,47.25,47.25,47.25,200.0
2010-06-11,47.32,47.33,47.15,47.28,12676.0
2010-06-14,48.09,48.09,47.87,47.87,3556.0
2010-06-15,47.91,48.13,47.91,48.13,2676.0
2010-06-16,47.93,47.93,47.8,47.8,1650.0
2010-06-17,,,,48.31,0.0
2010-06-18,,,,48.31,0.0
2010-06-21,,,,47.79,0.0
2010-06-22,,,,47.79,0.0
2010-06-23,,,,47.75,0.0
2010-06-24,,,,47.75,0.0
2010-06-25,,,,47.75,0.0
2010-06-28,,,,47.75,0.0
2010-06-29,,,,47.2,0.0
2010-06-30,,,,47.2,0.0
2010-07-01,48.05,48.38,48.05,48.37,1084.0
2010-07-02,,,,48.64,0.0
2010-07-05,,,,48.64,0.0
2010-07-06,,,,48.64,0.0
2010-07-07,,,,48.98,0.0
2010-07-08,,,,48.98,0.0
2010-07-09,,,,48.98,0.0
2010-07-12,48.84,48.84,48.79,48.79,1125.0
2010-07-13,49.41,50.0,49.41,50.0,2141.0
2010-07-14,49.6,49.6,49.6,49.6,200.0
2010-07-15,49.9,50.1,49.9,50.1,800.0
2010-07-16,50.34,51.19,50.29,50.34,7400.0
2010-07-19,50.38,50.39,50.38,50.39,600.0
2010-07-20,50.09,50.22,50.09,50.19,1800.0
2010-07-21,,,,49.65,0.0
2010-07-22,,,,49.65,0.0
2010-07-23,,,,49.65,0.0
2010-07-26,50.31,50.56,50.31,50.56,990.0
2010-07-27,50.7,50.7,50.7,50.7,1000.0
2010-07-28,50.43,50.43,50.42,50.42,661.0
2010-07-29,,,,50.9,0.0
2010-07-30,,,,50.9,0.0
2010-08-02,51.18,51.18,51.18,51.18,207.0
2010-08-03,51.36,51.36,51.36,51.36,100.0
2010-08-04,,,,51.16,0.0
2010-08-05,,,,51.16,0.0
2010-08-06,51.63,51.63,51.63,51.63,100.0
2010-08-09,51.54,51.55,51.54,51.55,400.0
2010-08-10,51.41,51.41,51.4,51.4,200.0
2010-08-11,50.56,50.56,50.01,50.01,1302.0
2010-08-12,,,,49.99,0.0
2010-08-13,,,,49.99,0.0
2010-08-16,49.73,49.94,49.73,49.94,800.0
2010-08-17,,,,50.29,0.0
2010-08-18,,,,50.29,0.0
2010-08-19,49.96,49.96,49.94,49.96,1380.0
2010-08-20,49.39,49.4,49.39,49.4,600.0
2010-08-23,,,,49.23,0.0
2010-08-24,,,,49.23,0.0
2010-08-25,49.11,49.11,49.11,49.11,600.0
2010-08-26,,,,49.3,0.0
2010-08-27,,,,49.3,0.0
2010-08-30,,,,49.3,0.0
2010-08-31,,,,49.41,0.0
2010-09-01,,,,49.41,0.0
2010-09-02,49.75,49.75,49.75,49.75,100.0
2010-09-03,,,,50.0,0.0
2010-09-06,,,,50.0,0.0
2010-09-07,,,,49.2,0.0
2010-09-08,,,,49.2,0.0
2010-09-09,,,,49.2,0.0
2010-09-10,,,,49.2,0.0
2010-09-13,49.79,50.26,49.79,50.25,4597.0
2010-09-14,49.88,50.65,49.88,50.52,900.0
2010-09-15,50.45,50.6,50.38,50.6,1500.0
2010-09-16,50.69,50.91,50.69,50.91,1035.0
2010-09-17,50.64,50.64,50.64,50.64,448.0
2010-09-20,50.74,50.74,50.74,50.74,100.0
2010-09-21,51.0,51.08,51.0,51.07,746.0
2010-09-22,52.03,52.26,51.78,51.78,2391.0
2010-09-23,51.66,51.87,51.66,51.87,745.0
2010-09-24,,,,52.35,0.0
2010-09-29,52.91,52.91,52.77,52.77,800.0
2010-09-30,52.95,53.06,52.72,53.06,2345.0
2010-10-01,53.4,53.63,53.4,53.63,2005.0
2010-10-04,53.09,53.19,53.08,53.19,2380.0
2010-10-05,53.66,53.83,53.55,53.83,4800.0
2010-10-06,53.92,54.0,53.92,54.0,273.0
2010-10-07,54.11,54.11,54.11,54.11,377.0
2010-10-08,54.29,54.29,54.12,54.12,737.0
2010-10-11,54.1,54.1,54.1,54.1,150.0
2010-10-12,53.88,53.88,53.82,53.83,900.0
2010-10-13,54.17,54.28,54.17,54.22,700.0
2010-10-14,54.76,54.77,54.76,54.77,300.0
2010-10-15,54.52,54.52,54.38,54.38,800.0
2010-10-18,54.19,54.22,54.19,54.22,400.0
2010-10-19,53.26,53.3,53.26,53.3,300.0
2010-10-20,,,,54.16,0.0
2010-10-25,54.48,54.49,54.24,54.24,750.0
2010-10-26,,,,53.81,0.0
2010-10-28,,,,54.16,0.0
2010-11-02,54.61,54.61,54.61,54.61,419.0
2010-11-03,54.56,54.84,54.56,54.81,1300.0
2010-11-04,55.36,55.36,55.29,55.29,600.0
2010-11-05,,,,54.65,0.0
2010-11-09,,,,54.15,0.0
2010-11-11,,,,52.96,0.0
2010-11-16,,,,52.71,0.0
2010-11-23,51.92,51.92,51.92,51.92,100.0
2010-11-24,,,,51.7,0.0
2010-11-26,51.28,51.42,51.28,51.37,9700.0
2010-11-29,50.92,50.92,50.79,50.91,3579.0
2010-11-30,50.55,50.61,50.51,50.51,2020.0
2010-12-01,51.0,51.0,51.0,51.0,500.0
2010-12-02,51.22,51.29,51.22,51.29,300.0
2010-12-03,51.8,52.02,51.8,52.02,1500.0
2010-12-06,,,,51.56,0.0
2010-12-08,51.37,51.39,51.34,51.39,1620.0
2010-12-09,51.25,51.42,51.25,51.42,300.0
2010-12-10,51.4,51.4,51.4,51.4,400.0
2010-12-13,51.51,52.14,51.51,52.14,4356.0
2010-12-14,52.24,52.24,52.07,52.07,1500.0
2010-12-15,51.84,51.84,51.42,51.42,3200.0
2010-12-16,51.34,51.34,51.34,51.34,200.0
2010-12-17,51.34,51.34,51.1,51.1,1828.0
2010-12-20,,,,50.94,0.0
2010-12-22,50.82,50.83,50.82,50.83,900.0
2010-12-23,,,,50.89,0.0
2010-12-27,50.69,50.8,50.69,50.8,1400.0
2010-12-28,51.19,51.19,50.59,50.98,2400.0
2010-12-29,50.91,51.24,50.91,51.24,600.0
2010-12-30,51.58,51.58,51.58,51.58,100.0
2010-12-31,51.86,51.86,51.77,51.77,300.0
2011-01-03,,,,51.88,0.0
2011-01-05,,,,51.13,0.0
2011-01-07,50.43,50.43,50.06,50.06,3547.0
2011-01-10,50.16,50.32,49.96,50.28,1773.0
2011-01-11,50.42,50.42,50.34,50.34,300.0
2011-01-12,50.69,50.69,50.62,50.62,400.0
2011-01-13,51.55,51.93,51.55,51.93,700.0
2011-01-14,,,,51.85,0.0
2011-01-18,52.07,52.07,51.89,51.89,500.0
2011-01-19,,,,52.21,0.0
2011-01-25,52.93,53.02,52.93,53.01,300.0
2011-01-26,,,,53.1,0.0
2011-01-28,53.05,53.05,53.05,53.05,400.0
2011-01-31,50.08,53.25,50.08,53.13,1700.0
2011-02-01,,,,53.77,0.0
2011-02-09,,,,53.37,0.0
2011-02-14,52.35,52.35,52.32,52.32,500.0
2011-02-15,,,,52.38,0.0
2011-02-22,,,,52.95,0.0
2011-02-25,,,,53.46,0.0
2011-03-03,,,,54.24,0.0
2011-03-07,,,,54.33,0.0
2011-03-09,54.03,54.03,54.01,54.01,200.0
2011-03-10,,,,53.67,0.0
2011-03-14,,,,54.31,0.0
2011-03-15,,,,54.13,0.0
2011-03-21,,,,55.08,0.0
2011-03-23,54.96,54.96,54.85,54.85,780.0
2011-03-24,,,,54.89,0.0
2011-03-28,,,,54.78,0.0
2011-03-29,,,,54.74,0.0
2011-03-31,55.12,55.19,55.06,55.19,5000.0
2011-04-01,55.31,55.31,55.31,55.31,100.0
2011-04-04,55.54,55.54,55.29,55.29,400.0
2011-04-05,,,,54.89,0.0
2011-04-06,55.87,55.87,55.77,55.83,2300.0
2011-04-07,55.69,55.76,55.62,55.76,8957.0
2011-04-08,56.0,56.35,56.0,56.3,21957.0
2011-04-11,56.24,56.32,56.24,56.32,1234.0
2011-04-12,56.5,56.5,56.4,56.4,9996.0
2011-04-13,56.39,56.5,56.19,56.19,9698.0
2011-04-14,56.44,56.56,56.16,56.33,20012.0
2011-04-15,56.28,56.28,56.1,56.24,1875.0
2011-04-18,56.41,56.41,54.57,55.43,1550.0
2011-04-19,55.8,55.99,55.8,55.99,6884.0
2011-04-20,56.47,56.47,56.42,56.42,177.0
2011-04-21,,,,56.64,0.0
2011-04-25,56.91,56.91,56.91,56.91,700.0
2011-04-26,57.02,57.06,57.0,57.06,975.0
2011-04-27,57.08,57.55,57.06,57.55,17280.0
2011-04-28,57.71,57.73,57.71,57.73,600.0
2011-04-29,,,,57.75,0.0
2011-05-02,58.11,58.11,57.87,57.9,790.0
2011-05-03,57.92,57.92,57.79,57.79,3000.0
2011-05-04,57.99,57.99,57.73,57.73,291.0
2011-05-05,57.4,57.4,56.56,56.56,565.0
2011-05-06,56.56,56.56,55.92,55.92,345.0
2011-05-09,55.75,55.93,55.75,55.93,100.0
2011-05-10,55.78,56.14,55.78,56.14,1000.0
2011-05-11,55.75,55.75,55.34,55.34,103.0
2011-05-12,55.22,55.4,55.22,55.4,173.0
2011-05-13,,,,54.76,0.0
2011-05-16,,,,55.34,0.0
2011-05-19,55.47,55.68,55.47,55.68,839.0
2011-05-20,55.35,55.4,55.07,55.32,4168.0
2011-05-23,,,,54.49,0.0
2011-05-25,,,,54.74,0.0
2011-05-26,55.24,55.24,55.24,55.24,173.0
2011-05-27,,,,55.64,0.0
2011-05-31,56.12,56.12,55.94,55.94,1800.0
2011-06-01,56.21,56.21,55.69,55.69,1200.0
2011-06-02,56.15,56.15,56.15,56.15,168.0
2011-06-03,56.75,56.9,56.71,56.9,682.0
2011-06-06,56.72,56.72,56.68,56.68,100.0
2011-06-07,,,,57.17,0.0
2011-06-08,56.82,56.82,56.75,56.75,3300.0
2011-06-09,56.74,56.74,56.48,56.48,2108.0
2011-06-10,55.81,55.9,55.68,55.68,3883.0
2011-06-13,55.86,55.9,55.86,55.9,109.0
2011-06-14,,,,56.19,0.0
2011-06-16,54.99,55.04,54.99,55.04,350.0
2011-06-17,55.64,55.74,55.54,55.63,18425.0
2011-06-20,54.72,55.73,54.72,55.53,2069.0
2011-06-21,,,,55.78,0.0
2011-06-24,,,,55.04,0.0
2011-06-30,56.32,56.41,56.3,56.41,1058.0
2011-07-01,,,,56.37,0.0
2011-07-05,56.21,56.22,56.08,56.08,3600.0
2011-07-06,55.66,55.71,55.66,55.67,600.0
2011-07-07,55.15,55.87,55.15,55.87,19809.0
2011-07-08,55.67,55.78,55.38,55.47,1100.0
2011-07-11,54.51,54.54,54.51,54.54,500.0
2011-07-12,54.34,54.56,54.34,54.56,400.0
2011-07-13,55.15,55.15,55.09,55.09,105.0
2011-07-14,55.23,55.23,55.0,55.0,200.0
2011-07-15,55.02,55.07,55.02,55.07,2000.0
2011-07-18,54.67,54.74,54.67,54.74,170.0
2011-07-19,,,,55.09,0.0
2011-07-21,55.92,55.92,55.92,55.92,100.0
2011-07-22,,,,55.95,0.0
2011-07-25,55.93,55.96,55.93,55.96,445.0
2011-07-26,56.26,56.57,56.26,56.57,800.0
2011-07-27,,,,55.98,0.0
2011-07-28,,,,55.7,0.0
2011-08-01,55.52,55.52,55.49,55.49,1350.0
2011-08-02,55.27,55.56,55.27,55.49,772.0
2011-08-03,55.59,55.59,55.59,55.59,725.0
2011-08-04,55.19,55.19,54.96,54.96,1136.0
2011-08-05,55.25,55.58,55.25,55.53,8301.0
2011-08-08,55.1,55.3,55.1,55.3,578.0
2011-08-09,55.27,55.41,55.2,55.34,21299.0
2011-08-10,55.25,55.25,55.15,55.15,5124.0
2011-08-11,55.27,55.34,55.16,55.23,4150.0
2011-08-12,55.3,55.45,55.26,55.39,940.0
2011-08-15,56.22,56.22,56.22,56.22,100.0
2011-08-16,56.22,56.22,56.06,56.06,400.0
2011-08-17,56.21,56.21,56.21,56.21,400.0
2011-08-18,55.63,55.86,55.63,55.86,500.0
2011-08-19,,,,55.94,0.0
2011-08-23,,,,56.36,0.0
2011-08-25,56.36,56.36,56.03,56.13,3100.0
2011-08-26,56.29,56.35,56.29,56.35,284.0
2011-08-29,56.59,56.59,56.52,56.52,100.0
2011-08-30,56.23,56.32,56.23,56.32,295.0
2011-08-31,,,,55.9,0.0
2011-09-01,55.39,55.47,55.36,55.47,1450.0
2011-09-02,55.19,55.39,55.16,55.39,710.0
2011-09-06,54.51,54.61,54.51,54.51,900.0
2011-09-07,,,,54.73,0.0
2011-09-08,54.22,54.45,53.88,53.96,41125.0
2011-09-09,53.41,53.41,53.05,53.15,7529.0
2011-09-12,52.85,53.04,52.74,53.0,5406.0
2011-09-13,52.95,53.16,52.95,53.13,812.0
2011-09-14,53.25,53.62,53.25,53.62,100.0
2011-09-15,53.85,53.94,53.8,53.94,926.0
2011-09-16,53.85,53.85,53.48,53.48,500.0
2011-09-19,52.97,52.97,52.97,52.97,100.0
2011-09-20,53.1,53.12,53.1,53.12,29125.0
2011-09-21,53.09,53.33,53.09,53.33,1889.0
2011-09-22,52.25,52.48,52.25,52.48,950.0
2011-09-23,52.35,52.35,52.35,52.35,209.0
2011-09-26,52.4,52.4,52.4,52.4,100.0
2011-09-27,52.9,52.9,52.9,52.9,200.0
2011-09-28,52.7,52.7,52.63,52.63,550.0
2011-09-29,,,,52.96,0.0
2011-09-30,52.1,52.1,52.1,52.1,190.0
2011-10-03,51.29,51.31,51.29,51.31,590.0
2011-10-04,,,,51.27,0.0
2011-10-05,,,,51.74,0.0
2011-10-07,52.01,52.01,51.99,51.99,200.0
2011-10-10,53.1,53.21,53.1,53.21,1427.0
2011-10-11,,,,52.81,0.0
2011-10-12,53.74,53.74,53.74,53.74,200.0
2011-10-13,,,,53.52,0.0
2011-10-18,,,,53.26,0.0
2011-10-20,,,,53.4,0.0
2011-10-21,,,,54.06,0.0
2011-10-25,,,,53.95,0.0
2011-10-27,54.6,55.0,54.6,55.0,1401.0
2011-10-28,,,,55.0,0.0
2011-11-01,53.18,53.27,53.18,53.25,402.0
2011-11-02,,,,53.54,0.0
2011-11-03,,,,53.92,0.0
2011-11-07,,,,53.55,0.0
2011-11-09,,,,52.74,0.0
2011-11-15,52.53,52.61,52.53,52.61,100.0
2011-11-16,52.5,52.5,52.5,52.5,570.0
2011-11-17,,,,52.47,0.0
2011-11-21,,,,52.64,0.0
2011-11-23,,,,51.97,0.0
2011-11-25,51.34,51.63,51.34,51.63,897.0
2011-11-28,,,,51.8,0.0
2011-11-30,,,,52.26,0.0
2011-12-02,,,,52.06,0.0
2011-12-06,,,,52.14,0.0
2011-12-07,52.15,52.15,52.15,52.15,300.0
2011-12-08,,,,51.43,0.0
2011-12-13,50.94,51.22,50.55,50.68,615.0
2011-12-14,,,,50.51,0.0
2011-12-15,,,,50.51,0.0
2011-12-19,50.55,50.55,50.55,50.55,200.0
2011-12-20,,,,50.87,0.0
2011-12-22,,,,50.66,0.0
2011-12-28,50.5,50.5,50.26,50.26,100.0
2011-12-29,50.24,50.24,50.24,50.24,112.0
2011-12-30,,,,50.34,0.0
2012-01-03,,,,50.71,0.0
2012-01-06,49.38,49.38,49.38,49.38,200.0
2012-01-09,49.42,49.53,49.42,49.53,300.0
2012-01-10,49.56,49.56,49.56,49.56,135.0
2012-01-11,49.68,49.68,49.68,49.68,101.0
2012-01-12,,,,49.74,0.0
2012-01-17,,,,49.46,0.0
2012-01-19,,,,49.99,0.0
2012-01-23,,,,50.49,0.0
2012-01-25,50.45,50.45,50.45,50.45,117.0
2012-01-26,,,,50.98,0.0
2012-01-30,,,,51.03,0.0
2012-02-07,,,,51.41,0.0
2012-02-08,51.4,51.48,51.4,51.48,410.0
2012-02-09,51.75,51.76,51.75,51.76,800.0
2012-02-10,,,,50.85,0.0
2012-02-13,,,,50.85,0.0
2012-02-14,51.1,51.11,50.87,50.95,625.0
2012-02-15,50.85,50.85,50.6,50.73,1636.0
2012-02-16,,,,50.73,0.0
2012-02-17,,,,50.73,0.0
2012-02-21,,,,51.07,0.0
2012-02-22,51.69,51.69,51.69,51.69,200.0
2012-02-23,51.75,51.85,51.75,51.85,1000.0
2012-02-24,,,,51.85,0.0
2012-02-27,51.75,51.75,51.75,51.75,700.0
2012-02-28,51.86,51.86,51.86,51.86,100.0
2012-02-29,,,,51.86,0.0
2012-03-01,,,,51.86,0.0
2012-03-02,,,,51.86,0.0
2012-03-05,,,,51.86,0.0
2012-03-06,,,,51.86,0.0
2012-03-07,50.93,51.18,50.93,51.18,155.0
2012-03-08,51.46,51.59,51.46,51.47,700.0
2012-03-09,,,,51.47,0.0
2012-03-12,51.04,51.04,50.74,50.74,1175.0
2012-03-13,,,,50.74,0.0
2012-03-14,50.53,50.56,50.53,50.56,500.0
2012-03-15,,,,50.56,0.0
2012-03-16,,,,50.56,0.0
2012-03-19,51.3,51.47,51.28,51.47,800.0
2012-03-20,51.16,51.18,51.16,51.18,1800.0
2012-03-21,,,,50.98,0.0
2012-03-22,50.88,50.88,50.88,50.88,100.0
2012-03-23,,,,50.88,0.0
2012-03-26,,,,51.12,0.0
2012-03-27,,,,51.12,0.0
2012-03-28,51.59,51.59,51.43,51.43,800.0
2012-03-29,,,,51.43,0.0
2012-03-30,51.42,51.87,51.42,51.87,160.0
2012-04-02,,,,51.87,0.0
2012-04-03,,,,51.87,0.0
2012-04-04,50.67,50.67,50.67,50.67,264.0
2012-04-05,,,,50.67,0.0
2012-04-09,,,,50.84,0.0
2012-04-10,50.99,50.99,50.98,50.98,600.0
2012-04-11,51.04,51.04,50.93,50.93,700.0
2012-04-12,,,,50.93,0.0
2012-04-13,,,,50.93,0.0
2012-04-16,,,,50.93,0.0
2012-04-17,50.86,50.86,50.86,50.86,100.0
2012-04-18,50.91,50.91,50.81,50.81,800.0
2012-04-19,,,,50.81,0.0
2012-04-20,,,,50.81,0.0
2012-04-23,,,,50.81,0.0
2012-04-24,51.07,51.07,51.07,51.07,350.0
2012-04-25,51.07,51.25,50.9,50.9,400.0
2012-04-26,,,,50.9,0.0
2012-04-27,,,,50.9,0.0
2012-04-30,,,,50.9,0.0
2012-05-01,,,,50.9,0.0
2012-05-02,,,,50.9,0.0
2012-05-03,,,,50.9,0.0
2012-05-04,,,,50.63,0.0
2012-05-07,,,,50.63,0.0
2012-05-08,50.4,50.62,50.4,50.62,200.0
2012-05-09,,,,50.62,0.0
2012-05-10,49.89,49.89,49.89,49.89,128.0
2012-05-11,50.72,50.72,50.72,50.72,100.0
2012-05-14,,,,50.72,0.0
2012-05-15,50.18,50.18,49.49,49.49,400.0
2012-05-16,48.95,49.35,48.95,49.35,500.0
2012-05-17,,,,49.35,0.0
2012-05-18,,,,49.35,0.0
2012-05-21,,,,49.35,0.0
2012-05-22,,,,49.35,0.0
2012-05-23,49.31,49.31,49.13,49.13,480.0
2012-05-24,48.34,49.05,48.34,49.05,100.0
2012-05-25,,,,49.05,0.0
2012-05-29,48.8,48.8,48.04,48.04,1200.0
2012-05-30,48.4,48.4,47.7,47.7,700.0
2012-05-31,47.68,47.7,47.68,47.7,200.0
2012-06-01,,,,47.7,0.0
2012-06-04,,,,47.7,0.0
2012-06-05,,,,47.7,0.0
2012-06-06,,,,48.01,0.0
2012-06-07,,,,48.01,0.0
2012-06-08,,,,48.01,0.0
2012-06-11,,,,48.01,0.0
2012-06-12,47.97,48.4,47.97,48.4,3975.0
2012-06-13,,,,48.52,0.0
2012-06-14,48.89,48.89,48.49,48.49,100.0
2012-06-15,48.96,48.96,48.71,48.71,100.0
2012-06-18,,,,48.84,0.0
2012-06-19,48.96,48.96,48.96,48.96,500.0
2012-06-20,,,,48.96,0.0
2012-06-21,,,,48.96,0.0
2012-06-22,,,,48.96,0.0
2012-06-25,48.36,48.36,48.28,48.28,100.0
2012-06-26,,,,48.28,0.0
2012-06-27,,,,48.28,0.0
2012-06-28,48.25,48.25,48.25,48.25,400.0
2012-06-29,,,,48.25,0.0
2012-07-02,,,,48.25,0.0
2012-07-03,48.42,48.42,48.42,48.42,142.0
2012-07-05,47.32,48.64,47.32,48.64,325.0
2012-07-06,,,,48.64,0.0
2012-07-09,47.3,47.58,47.3,47.58,500.0
2012-07-10,47.09,47.4,47.09,47.38,1200.0
2012-07-11,,,,47.38,0.0
2012-07-12,,,,47.38,0.0
2012-07-13,47.4,47.4,47.4,47.4,100.0
2012-07-16,,,,47.4,0.0
2012-07-17,,,,47.15,0.0
2012-07-18,,,,47.15,0.0
2012-07-19,,,,47.15,0.0
2012-07-20,47.11,47.11,47.11,47.11,100.0
2012-07-23,,,,46.83,0.0
2012-07-24,,,,46.83,0.0
2012-07-25,46.62,46.62,46.62,46.62,100.0
2012-07-26,,,,46.62,0.0
2012-07-27,,,,47.58,0.0
2012-07-30,,,,47.58,0.0
2012-07-31,,,,47.36,0.0
2012-08-01,,,,47.36,0.0
2012-08-02,,,,47.36,0.0
2012-08-03,,,,47.36,0.0
2012-08-07,48.1,48.1,47.66,47.66,100.0
2012-08-08,,,,47.66,0.0
2012-08-09,,,,47.66,0.0
2012-08-10,47.22,47.34,46.92,47.34,680.0
2012-08-13,,,,48.22,0.0
2012-08-14,47.41,47.67,47.26,47.67,3783.0
2012-08-15,,,,47.6,0.0
2012-08-16,47.37,47.6,47.37,47.42,400.0
2012-08-17,,,,47.65,0.0
2012-08-20,47.3,47.52,47.3,47.52,600.0
2012-08-21,,,,47.52,0.0
2012-08-22,48.42,48.42,48.42,48.42,100.0
2012-08-23,48.5,48.83,48.5,48.83,300.0
2012-08-24,48.19,48.19,48.19,48.19,200.0
2012-08-27,48.73,48.73,48.59,48.59,100.0
2012-08-28,,,,48.83,0.0
2012-08-29,48.78,48.78,48.78,48.78,100.0
2012-08-30,48.61,48.61,48.61,48.61,100.0
2012-08-31,48.96,48.96,48.96,48.96,200.0
2012-09-04,,,,48.96,0.0
2012-09-05,,,,48.91,0.0
2012-09-06,48.9,48.95,48.9,48.95,400.0
2012-09-07,,,,48.95,0.0
2012-09-10,49.13,49.13,49.03,49.11,700.0
2012-09-11,49.77,49.83,49.77,49.83,100.0
2012-09-12,49.65,49.65,49.65,49.65,202.0
2012-09-13,49.99,50.33,49.99,50.33,500.0
2012-09-14,50.51,50.51,50.51,50.51,500.0
2012-09-17,51.45,51.45,51.45,51.45,100.0
2012-09-18,49.72,50.82,49.42,50.82,700.0
2012-09-19,,,,50.82,0.0
2012-09-20,50.0,50.0,50.0,50.0,200.0
2012-09-21,,,,50.0,0.0
2012-09-24,49.97,49.97,49.97,49.97,100.0
2012-09-25,,,,49.97,0.0
2012-09-26,,,,49.97,0.0
2012-09-27,,,,49.97,0.0
2012-09-28,,,,49.97,0.0
2012-10-01,,,,49.97,0.0
2012-10-02,,,,49.97,0.0
2012-10-03,,,,49.97,0.0
2012-10-04,,,,49.97,0.0
2012-10-05,,,,49.97,0.0
2012-10-08,,,,49.82,0.0
2012-10-09,,,,49.82,0.0
2012-10-10,,,,49.82,0.0
2012-10-11,,,,49.82,0.0
2012-10-12,,,,49.82,0.0
2012-10-15,,,,49.82,0.0
2012-10-16,,,,49.82,0.0
2012-10-17,,,,49.82,0.0
2012-10-18,,,,49.82,0.0
2012-10-19,,,,49.82,0.0
2012-10-22,,,,49.82,0.0
2012-10-23,,,,49.82,0.0
2012-10-24,49.8,50.15,49.8,50.15,500.0
2012-10-25,,,,50.15,0.0
2012-10-26,,,,50.15,0.0
2012-10-31,,,,50.15,0.0
2012-11-01,49.9,49.9,49.9,49.9,100.0
2012-11-02,49.21,49.21,49.21,49.21,100.0
2012-11-05,,,,49.21,0.0
2012-11-06,,,,49.21,0.0
2012-11-07,,,,49.21,0.0
2012-11-08,,,,49.21,0.0
2012-11-09,,,,49.21,0.0
2012-11-12,,,,49.21,0.0
2012-11-13,48.31,48.31,48.31,48.31,100.0
2012-11-14,,,,48.31,0.0
2012-11-15,,,,48.31,0.0
2012-11-16,,,,48.31,0.0
2012-11-19,48.38,48.7,48.38,48.7,100.0
2012-11-20,,,,48.7,0.0
2012-11-21,,,,48.7,0.0
2012-11-23,,,,48.7,0.0
2012-11-26,,,,48.7,0.0
2012-11-27,,,,48.7,0.0
2012-11-28,49.6,49.8,49.6,49.8,4989.0
2012-11-29,,,,49.8,0.0
2012-11-30,,,,49.8,0.0
2012-12-03,,,,49.8,0.0
2012-12-04,,,,49.8,0.0
2012-12-05,50.19,50.3,50.19,50.3,300.0
2012-12-06,,,,50.3,0.0
2012-12-07,,,,50.3,0.0
2012-12-10,49.58,49.95,49.58,49.9,600.0
2012-12-11,,,,49.9,0.0
2012-12-12,,,,49.9,0.0
2012-12-13,,,,49.9,0.0
2012-12-14,49.75,50.7,49.75,50.17,800.0
2012-12-17,,,,50.17,0.0
2012-12-18,50.64,50.64,50.64,50.64,100.0
2012-12-19,51.1,51.18,51.1,51.13,400.0
2012-12-20,51.2,51.23,51.0,51.23,1200.0
2012-12-21,49.78,51.97,49.78,51.97,800.0
2012-12-24,,,,51.97,0.0
2012-12-26,,,,51.97,0.0
2012-12-27,,,,51.97,0.0
2012-12-28,,,,51.97,0.0
2012-12-31,,,,51.97,0.0
2013-01-02,,,,51.97,0.0
2013-01-03,,,,51.97,0.0
2013-01-04,,,,51.97,0.0
2013-01-07,50.4,50.61,50.4,50.55,900.0
2013-01-08,50.45,50.65,50.45,50.6,700.0
2013-01-09,,,,50.6,0.0
2013-01-10,,,,50.6,0.0
2013-01-11,51.23,51.23,51.23,51.23,1234.0
2013-01-14,,,,51.23,0.0
2013-01-15,,,,51.23,0.0
2013-01-16,52.33,52.33,52.33,52.33,100.0
2013-01-17,52.11,52.11,52.11,52.11,460.0
2013-01-18,,,,52.11,0.0
2013-01-22,,,,52.11,0.0
2013-01-23,,,,52.11,0.0
2013-01-24,,,,52.11,0.0
2013-01-25,,,,52.11,0.0
2013-01-28,,,,52.11,0.0
2013-01-29,,,,52.11,0.0
2013-01-30,,,,52.11,0.0
2013-01-31,,,,52.11,0.0
2013-02-01,52.15,52.15,52.15,52.15,274.0
2013-02-04,,,,52.15,0.0
2013-02-05,52.22,52.22,52.22,52.22,100.0
2013-02-06,,,,52.22,0.0
2013-02-07,,,,52.22,0.0
2013-02-08,51.56,51.56,51.55,51.55,218.0
2013-02-11,,,,51.55,0.0
2013-02-12,,,,51.55,0.0
2013-02-13,,,,51.55,0.0
2013-02-14,,,,51.55,0.0
2013-02-15,50.53,50.53,50.53,50.53,155.0
2013-02-19,50.98,50.98,50.98,50.98,100.0
2013-02-20,,,,50.98,0.0
2013-02-21,,,,50.98,0.0
2013-02-22,,,,50.98,0.0
2013-02-25,52.15,52.15,50.02,50.02,600.0
2013-02-26,49.26,49.26,49.26,49.26,305.0
2013-02-27,,,,49.26,0.0
2013-02-28,,,,49.26,0.0
2013-03-01,50.02,50.02,50.02,50.02,250.0
2013-03-04,,,,50.02,0.0
2013-03-05,,,,50.02,0.0
2013-03-06,,,,50.02,0.0
2013-03-07,50.02,50.02,49.56,49.93,350.0
2013-03-08,49.15,50.2,49.15,50.2,819.0
2013-03-11,,,,50.2,0.0
2013-03-12,49.85,49.85,49.85,49.85,225.0
2013-03-13,51.44,51.44,51.44,51.44,164.0
2013-03-14,51.0,51.0,51.0,51.0,100.0
2013-03-15,,,,51.0,0.0
2013-03-18,,,,51.0,0.0
2013-03-19,,,,51.0,0.0
2013-03-20,,,,51.0,0.0
2013-03-21,,,,51.0,0.0
2013-03-22,,,,51.0,0.0
2013-03-25,,,,51.0,0.0
2013-03-26,,,,51.0,0.0
2013-03-27,,,,51.0,0.0
2013-03-28,,,,51.0,0.0
2013-04-01,,,,51.0,0.0
2013-04-02,,,,51.0,0.0
2013-04-03,,,,51.0,0.0
2013-04-04,,,,51.0,0.0
2013-04-05,,,,51.0,0.0
2013-04-08,,,,51.0,0.0
2013-04-09,,,,51.0,0.0
2013-04-10,,,,51.0,0.0
2013-04-11,,,,51.0,0.0
2013-04-12,49.59,50.5,49.59,50.5,200.0
2013-04-15,,,,50.5,0.0
2013-04-16,,,,50.5,0.0
2013-04-17,,,,50.5,0.0
2013-04-18,49.39,49.76,49.36,49.75,1141.0
2013-04-19,51.44,51.44,49.44,49.44,1797.0
2013-04-22,,,,49.44,0.0
2013-04-23,,,,49.44,0.0
2013-04-24,51.49,51.49,49.14,49.14,2782.0
2013-04-25,,,,49.14,0.0
2013-04-26,,,,49.14,0.0
2013-04-29,50.5,50.5,50.5,50.5,400.0
2013-04-30,51.51,51.51,49.7,49.7,1220.0
2013-05-01,,,,49.7,0.0
2013-05-02,51.28,51.28,51.27,51.27,400.0
2013-05-03,,,,51.27,0.0
2013-05-06,,,,51.27,0.0
2013-05-07,,,,51.27,0.0
2013-05-08,,,,51.27,0.0
2013-05-09,,,,51.27,0.0
2013-05-10,,,,51.27,0.0
2013-05-13,,,,51.27,0.0
2013-05-14,,,,51.27,0.0
2013-05-15,,,,51.27,0.0
2013-05-16,,,,51.27,0.0
2013-05-17,48.63,48.63,48.63,48.63,200.0
2013-05-20,,,,48.63,0.0
2013-05-21,,,,48.63,0.0
2013-05-22,,,,48.63,0.0
2013-05-23,,,,48.63,0.0
2013-05-24,49.52,49.52,49.52,49.52,200.0
2013-05-28,49.52,49.52,49.52,49.52,250.0
2013-05-29,,,,49.52,0.0
2013-05-30,50.0,50.0,50.0,50.0,110.0
2013-05-31,,,,50.0,0.0
2013-06-03,,,,50.0,0.0
2013-06-04,,,,50.0,0.0
2013-06-05,,,,50.0,0.0
2013-06-06,,,,50.0,0.0
2013-06-07,51.5,51.5,50.0,50.92,4100.0
2013-06-10,50.21,51.12,50.21,51.02,3700.0
2013-06-11,,,,51.02,0.0
2013-06-12,50.31,52.15,50.31,52.15,1000.0
2013-06-13,51.43,51.55,51.37,51.4,5500.0
2013-06-14,,,,51.4,0.0
2013-06-17,,,,51.4,0.0
2013-06-18,,,,51.4,0.0
2013-06-19,,,,51.4,0.0
2013-06-20,51.51,51.51,51.51,51.51,234.0
2013-06-21,50.9,50.9,50.9,50.9,200.0
2013-06-24,,,,50.9,0.0
2013-06-25,,,,50.9,0.0
2013-06-26,,,,50.9,0.0
2013-06-27,,,,50.9,0.0
2013-06-28,50.0,50.0,50.0,50.0,100.0
2013-07-01,,,,50.0,0.0
2013-07-02,,,,50.0,0.0
2013-07-03,,,,50.0,0.0
2013-07-05,50.14,50.14,50.14,50.14,100.0
2013-07-08,,,,50.14,0.0
2013-07-09,,,,50.14,0.0
2013-07-10,49.47,49.47,49.47,49.47,100.0
2013-07-11,,,,49.47,0.0
2013-07-12,49.86,49.86,49.86,49.86,100.0
2013-07-15,,,,49.86,0.0
2013-07-16,51.67,51.67,51.52,51.52,500.0
2013-07-17,,,,51.52,0.0
2013-07-18,50.96,50.96,50.96,50.96,100.0
2013-07-19,,,,50.96,0.0
2013-07-22,,,,50.96,0.0
2013-07-23,50.96,51.45,50.96,51.45,620.0
2013-07-24,,,,51.45,0.0
2013-07-25,50.08,51.18,50.08,50.96,450.0
2013-07-26,,,,50.96,0.0
2013-07-29,,,,50.96,0.0
2013-07-30,,,,50.96,0.0
2013-07-31,,,,50.96,0.0
2013-08-01,,,,50.96,0.0
2013-08-02,,,,50.96,0.0
2013-08-05,50.08,50.08,50.08,50.08,100.0
2013-08-06,50.88,51.37,50.88,51.15,500.0
2013-08-07,,,,51.15,0.0
2013-08-08,51.64,51.81,51.62,51.81,400.0
2013-08-09,,,,51.81,0.0
2013-08-12,51.38,51.38,51.38,51.38,200.0
2013-08-13,,,,51.38,0.0
2013-08-14,,,,51.38,0.0
2013-08-15,76.3,76.3,76.3,76.3,195.0
2013-08-16,52.27,52.57,52.27,52.57,8150.0
2013-08-19,51.25,51.98,51.25,51.98,2254.0
2013-08-20,,,,51.98,0.0
2013-08-21,,,,51.98,0.0
2013-08-22,,,,51.98,0.0
2013-08-23,,,,51.98,0.0
2013-08-26,50.99,51.76,50.99,51.65,799.0
2013-08-27,,,,51.65,0.0
2013-08-28,51.6,51.6,51.6,51.6,100.0
2013-08-29,,,,51.6,0.0
2013-08-30,,,,51.6,0.0
2013-09-03,50.48,50.5,50.48,50.5,8149.0
2013-09-04,51.3,51.3,51.15,51.22,800.0
2013-09-05,,,,51.22,0.0
2013-09-06,,,,51.22,0.0
2013-09-09,,,,51.22,0.0
2013-09-10,50.31,50.33,50.31,50.31,2354.0
2013-09-11,,,,50.31,0.0
2013-09-12,51.3,51.47,51.29,51.3,5500.0
2013-09-13,51.38,51.38,51.15,51.15,500.0
2013-09-16,,,,51.15,0.0
2013-09-17,,,,51.15,0.0
2013-09-18,,,,51.15,0.0
2013-09-19,,,,51.15,0.0
2013-09-20,,,,51.15,0.0
2013-09-23,,,,51.15,0.0
2013-09-24,,,,51.15,0.0
2013-09-25,,,,51.15,0.0
2013-09-26,,,,51.15,0.0
2013-09-27,52.2,52.42,52.2,52.42,900.0
2013-09-30,52.5,52.5,52.5,52.5,100.0
2013-10-01,52.25,52.25,52.25,52.25,330.0
2013-10-02,,,,52.25,0.0
2013-10-03,,,,52.25,0.0
2013-10-04,,,,52.25,0.0
2013-10-07,,,,52.25,0.0
2013-10-08,,,,52.25,0.0
2013-10-09,,,,52.25,0.0
2013-10-10,,,,52.25,0.0
2013-10-11,52.47,52.47,52.47,52.47,100.0
2013-10-14,,,,52.47,0.0
2013-10-15,,,,52.47,0.0
2013-10-16,,,,52.47,0.0
2013-10-17,,,,52.47,0.0
2013-10-18,,,,52.47,0.0
2013-10-21,,,,52.47,0.0
2013-10-22,52.32,52.32,52.32,52.32,100.0
2013-10-23,,,,52.32,0.0
2013-10-24,,,,52.32,0.0
2013-10-25,,,,52.32,0.0
2013-10-28,,,,52.32,0.0
2013-10-29,,,,52.32,0.0
2013-10-30,,,,52.32,0.0
2013-10-31,,,,52.32,0.0
2013-11-01,,,,52.32,0.0
2013-11-04,51.49,51.49,51.49,51.49,100.0
2013-11-05,,,,51.49,0.0
2013-11-06,51.37,51.37,51.37,51.37,197.0
2013-11-07,,,,51.37,0.0
2013-11-08,,,,51.37,0.0
2013-11-11,,,,51.37,0.0
2013-11-12,,,,51.37,0.0
2013-11-13,51.36,52.35,50.62,52.08,5508.0
2013-11-14,,,,52.08,0.0
2013-11-15,,,,52.08,0.0
2013-11-18,52.22,52.22,52.21,52.21,200.0
2013-11-19,52.22,52.31,52.22,52.31,200.0
2013-11-20,,,,52.31,0.0
2013-11-21,,,,52.31,0.0
2013-11-22,,,,52.31,0.0
2013-11-25,,,,52.31,0.0
2013-11-26,,,,52.31,0.0
2013-11-27,,,,52.31,0.0
2013-11-29,,,,52.31,0.0
2013-12-02,,,,52.31,0.0
2013-12-03,,,,52.31,0.0
2013-12-04,,,,52.31,0.0
2013-12-05,,,,52.31,0.0
2013-12-06,,,,52.31,0.0
2013-12-09,,,,52.31,0.0
2013-12-10,,,,52.31,0.0
2013-12-11,,,,52.31,0.0
2013-12-12,,,,52.31,0.0
2013-12-13,,,,52.31,0.0
2013-12-16,,,,52.31,0.0
2013-12-17,,,,52.31,0.0
2013-12-18,,,,52.31,0.0
2013-12-19,,,,52.31,0.0
2013-12-20,,,,52.31,0.0
2013-12-23,,,,52.31,0.0
2013-12-24,,,,52.31,0.0
2013-12-26,,,,52.31,0.0
2013-12-27,,,,52.31,0.0
2013-12-30,,,,52.31,0.0
2013-12-31,,,,52.31,0.0
2014-01-02,52.59,52.8,52.59,52.8,600.0
2014-01-03,,,,52.8,0.0
2014-01-06,,,,52.8,0.0
2014-01-07,,,,52.8,0.0
2014-01-08,,,,52.8,0.0
2014-01-09,,,,52.8,0.0
2014-01-10,,,,52.8,0.0
2014-01-13,,,,52.8,0.0
2014-01-14,,,,52.8,0.0
2014-01-15,52.51,52.52,52.35,52.35,800.0
2014-01-16,,,,52.35,0.0
2014-01-17,,,,52.35,0.0
2014-01-21,,,,52.35,0.0
2014-01-22,,,,52.35,0.0
2014-01-23,,,,52.35,0.0
2014-01-24,,,,52.35,0.0
2014-01-27,,,,52.35,0.0
2014-01-28,50.2,50.2,50.2,50.2,100.0
2014-01-29,52.76,52.76,52.54,52.54,202.0
2014-01-30,50.01,50.01,50.01,50.01,200.0
2014-01-31,,,,50.01,0.0
2014-02-03,,,,50.01,0.0
2014-02-04,,,,50.01,0.0
2014-02-05,,,,50.01,0.0
2014-02-06,,,,50.01,0.0
2014-02-07,,,,50.01,0.0
2014-02-10,,,,50.01,0.0
2014-02-11,,,,50.01,0.0
2014-02-12,52.45,52.45,52.45,52.45,200.0
2014-02-13,,,,52.45,0.0
2014-02-14,,,,52.45,0.0
2014-02-18,,,,52.45,0.0
2014-02-19,,,,52.45,0.0
2014-02-20,,,,52.45,0.0
2014-02-21,,,,52.45,0.0
2014-02-24,,,,52.45,0.0
2014-02-25,,,,52.45,0.0
2014-02-26,,,,52.45,0.0
2014-02-27,,,,52.45,0.0
2014-02-28,,,,52.45,0.0
2014-03-03,,,,52.45,0.0
2014-03-04,,,,52.45,0.0
2014-03-05,,,,52.45,0.0
2014-03-06,,,,52.45,0.0
2014-03-07,,,,52.45,0.0
2014-03-11,,,,52.45,0.0
2014-03-12,,,,52.45,0.0
2014-03-13,,,,52.45,0.0
2014-03-14,,,,52.45,0.0
2014-03-17,53.5,53.51,53.5,53.51,200.0
2014-03-18,,,,53.51,0.0
2014-03-19,53.49,53.55,53.49,53.55,743.0
2014-03-20,52.92,53.03,52.92,52.94,495.0
2014-03-21,,,,52.94,0.0
2014-03-24,53.04,53.04,53.04,53.04,115.0
2014-03-25,,,,53.04,0.0
2014-03-26,,,,53.04,0.0
2014-03-27,52.92,52.92,52.88,52.9,400.0
2014-03-28,52.78,52.88,52.78,52.85,700.0
2014-03-31,,,,52.85,0.0
2014-04-01,,,,52.85,0.0
2014-04-02,52.65,52.65,52.65,52.65,130.0
2014-04-03,52.45,52.45,52.45,52.45,155.0
2014-04-04,,,,52.45,0.0
2014-04-07,,,,52.45,0.0
2014-04-08,,,,52.45,0.0
2014-04-09,,,,52.45,0.0
2014-04-10,,,,52.45,0.0
2014-04-11,53.35,53.5,53.33,53.4,1200.0
2014-04-14,,,,53.4,0.0
2014-04-15,52.8,53.1,52.8,53.1,311.0
2014-04-16,,,,53.1,0.0
2014-04-17,,,,53.1,0.0
2014-04-21,,,,53.1,0.0
2014-04-22,,,,53.1,0.0
2014-04-23,,,,53.1,0.0
2014-04-24,,,,53.1,0.0
2014-04-25,53.17,53.25,53.15,53.22,1394.0
2014-04-28,,,,53.22,0.0
2014-04-29,,,,53.22,0.0
2014-04-30,,,,53.22,0.0
2014-05-01,,,,53.22,0.0
2014-05-02,53.28,53.38,53.28,53.38,2516.0
2014-05-05,53.31,53.42,53.3,53.31,4360.0
2014-05-06,53.52,53.61,53.5,53.58,1870.0
2014-05-07,53.45,53.53,53.45,53.52,510.0
2014-05-08,53.23,53.3,53.23,53.3,620.0
2014-05-09,,,,53.3,0.0
2014-05-12,52.8,53.05,52.77,52.97,7902.0
2014-05-13,,,,52.97,0.0
2014-05-14,,,,52.97,0.0
2014-05-15,,,,52.97,0.0
2014-05-16,52.42,52.74,52.39,52.39,4600.0
